region,cases_distance,deaths_distance,cases_per_100k_distance,deaths_per_100k_distance,is_same_cluster
Brazil.regions.PI:Cocal de Telha,9.910741301059,0.0,232.88220259104673,0.0,False
Brazil.regions.PR:Santa Mônica,11.667795334838225,0.9255079006772009,69.10156861597667,23.24812611598093,False
Brazil.regions.PR:Santo Antônio do Caiuá,4.27991452991453,0.9615384615384616,438.8489551377707,36.40812046718899,False
Brazil.regions.RS:Saldanha Marinho,11.123222748815166,1.6208530805687207,644.0802780047603,61.16426719127246,False
Brazil.regions.SC:Vargem Bonita,4.581039755351682,0.0,242.04934390500856,0.0,False
Brazil.regions.SP:Alto Alegre,1.6727272727272726,0.890909090909091,6.253515458618492,21.73479119075606,False
United_States_of_America.regions.Georgia:Brooks,11.157637321294205,4.019939804364183,30.13600855270674,26.007244642325052,False
United_States_of_America.regions.Georgia:Dooly,60.14672686230248,5.154251316779534,418.6613762114919,38.493288400145886,False
United_States_of_America.regions.Georgia:Mitchell,148.49209932279908,16.173814898419863,595.48560186371,73.97802176471602,False
United_States_of_America.regions.Illinois:Cass,35.088595203132655,0.0,275.5563958777707,0.0,False
United_States_of_America.regions.Illinois:Warren,49.676824680210686,0.0,237.1245651308984,0.0,False
United_States_of_America.regions.Indiana:Newton,11.026335590669676,3.3841234010534236,45.29496858735057,24.199967112796223,False
United_States_of_America.regions.Kansas:Seward,360.928517682468,0.0,1602.6501300154298,0.0,False
United_States_of_America.regions.Kentucky:Butler,42.790820165537994,2.1651617757712565,309.0685788833641,16.811567480171263,False
United_States_of_America.regions.Kentucky:Jackson,35.798720842738895,7.035364936042137,238.675649180739,52.782391297487706,False
United_States_of_America.regions.Louisiana:Allen,45.12979683972912,6.595184349134687,80.4289697988806,25.73529616862952,False
United_States_of_America.regions.Louisiana:East Feliciana,58.729872084273886,5.699774266365688,235.1967555446975,29.787166273141825,False
United_States_of_America.regions.Louisiana:Plaquemines,89.28856282919489,7.4473288186606466,296.61775405244686,32.10470672354462,False
United_States_of_America.regions.Louisiana:Pointe Coupee,38.68585402558315,5.436418359668924,95.4697648725926,25.01803202792878,False
United_States_of_America.regions.Louisiana:West Feliciana,44.87960872836719,0.8860045146726861,238.61946821103288,5.691190356325065,False
United_States_of_America.regions.Minnesota:Nobles,723.0015048908954,1.1794582392776523,3260.9269803869993,5.453133474860846,False
United_States_of_America.regions.Missouri:Saline,99.78969149736643,0.0,351.76610634987134,0.0,False
United_States_of_America.regions.Tennessee:Bledsoe,184.0537998495109,0.0,1212.9220846824442,0.0,False
Czechia,1479.043265613243,8.361550037622273,153.6535314686639,0.07869179416143858,False
Portugal,3286.6309255079004,63.77351392024078,135.60160508160982,0.6202586085949157,False
Brazil.regions.AM:Iranduba,75.17757712565839,6.316779533483822,40.77478694271454,13.07930166780649,True
Brazil.regions.AM:Tabatinga,109.99510910458991,8.59857035364936,69.29738823865857,13.059003635334061,True
Brazil.regions.BA:Abaíra,15.69714070729872,0.0,137.123762085369,0.0,True
Brazil.regions.BA:Almadina,10.804281345565748,0.0,87.45872867714705,0.0,True
Brazil.regions.BA:Canavieiras,6.186230248306997,0.0,124.25150220266131,0.0,True
Brazil.regions.BA:Capela do Alto Alegre,1.2222222222222223,0.0,11.695428264387854,0.0,True
Brazil.regions.BA:Dom Basílio,0.2222222222222222,0.0,3.8939218614784585,0.0,True
Brazil.regions.BA:Igrapiúna,0.0,0.0,3.1381075615428387,0.0,True
Brazil.regions.BA:Ipirá,11.220753793441018,0.0,128.97979898042368,0.0,True
Brazil.regions.BA:Itagibá,14.182844243792324,0.8465011286681715,139.00344380621,5.80630446990995,True
Brazil.regions.BA:Itapicuru,0.2222222222222222,0.0,14.66694083568797,0.0,True
Brazil.regions.BA:Itapé,16.899172310007526,0.9939804364183595,150.92091403285096,11.345513484971576,True
Brazil.regions.BA:Jussari,4.318152244632401,0.0,31.41046106956911,0.0,True
Brazil.regions.BA:Lajedo do Tabocal,5.021226415094339,0.0,35.222378720456526,0.0,True
Brazil.regions.BA:Medeiros Neto,17.373212942061702,0.0,163.33832486107448,0.0,True
Brazil.regions.BA:Miguel Calmon,1.0,0.0,14.417083001030498,0.0,True
Brazil.regions.BA:Mundo Novo,1.0,1.0,14.525149707344776,3.7346877801015834,True
Brazil.regions.BA:Paramirim,16.12227238525207,0.3818660647103085,157.32829621446547,1.767325703292028,True
Brazil.regions.BA:Piripá,17.373212942061702,0.0,158.4062569034764,0.0,True
Brazil.regions.BA:Prado,14.824303987960873,0.0,155.14954399739727,0.0,True
Brazil.regions.BA:Rafael Jambeiro,1.1756954612005857,0.0,27.257611778570695,0.0,True
Brazil.regions.BA:Rio do Pires,16.4326561324304,0.0,151.0959471455158,0.0,True
Brazil.regions.BA:Santa Cruz Cabrália,11.258465011286681,0.0,141.0495407978645,0.0,True
Brazil.regions.BA:Santa Maria da Vitória,17.373212942061702,0.0,165.23621603705422,0.0,True
Brazil.regions.BA:Santaluz,6.951765719207579,0.0,74.67322219071153,0.0,True
Brazil.regions.BA:Seabra,6.450236966824645,0.18483412322274884,68.61384920813471,0.41921054914324657,True
Brazil.regions.BA:Sobradinho,0.1,0.0,10.06700406068598,0.0,True
Brazil.regions.BA:Sátiro Dias,9.247183565275018,0.0,90.68871028882675,0.0,True
Brazil.regions.BA:Água Fria,10.874617737003058,1.0,103.00662318111702,5.892751915144372,True
Brazil.regions.CE:Araripe,14.597533120146183,0.0,138.63804378053933,0.0,True
Brazil.regions.CE:Assaré,3.2485768500948766,0.0,34.518759573016006,0.0,True
Brazil.regions.CE:Boa Viagem,6.808482438701128,1.8820410868124584,71.20118660472886,3.455188336354799,True
Brazil.regions.CE:Cariús,17.106847253574117,1.0,160.973570033914,5.347879565752178,True
Brazil.regions.CE:Deputado Irapuan Pinheiro,6.659221902017291,0.0,56.806711159669604,0.0,True
Brazil.regions.CE:Ererê,5.996941896024465,0.14984709480122324,27.00207294304971,2.081787924440445,True
Brazil.regions.CE:Granja,8.183972911963883,0.23702031602708803,149.1347772890387,0.4329296340087091,True
Brazil.regions.CE:Hidrolândia,11.134764732754684,0.0,120.85714039651522,0.0,True
Brazil.regions.CE:Ipaporanga,16.48532731376975,0.0,151.46123814018364,0.0,True
Brazil.regions.CE:Iracema,5.2629969418960245,0.5779816513761468,60.650334324533745,4.04267784413616,True
Brazil.regions.CE:Irauçuba,11.60141509433962,0.0,22.632766400114264,0.0,True
Brazil.regions.CE:Jaguaribara,4.078616352201258,0.6878930817610063,36.322771394082906,6.033620575046103,True
Brazil.regions.CE:Jaguaribe,8.34010534236268,1.8630549285176823,138.62182009305218,5.371820911474778,True
Brazil.regions.CE:Madalena,7.355450236966826,0.0,20.91900588804889,0.0,True
Brazil.regions.CE:Miraíma,7.477987421383647,1.0,72.07872686319593,7.236937328122738,True
Brazil.regions.CE:Mombaça,11.236644093303234,0.7957110609480812,150.90151947630977,1.816816359449463,True
Brazil.regions.CE:Monsenhor Tabosa,9.160651920838184,1.9674039580908034,33.87925038312124,11.41582893170943,True
Brazil.regions.CE:Moraújo,6.526970954356847,1.0,84.70851708508303,11.462631820265933,True
Brazil.regions.CE:Palhano,2.392857142857143,0.0,25.276147108590088,0.0,True
Brazil.regions.CE:Quiterianópolis,13.753950338600452,0.0,145.83708804693657,0.0,True
Brazil.regions.CE:Salitre,17.373212942061702,1.0,161.7051051704369,6.040836051709556,True
Brazil.regions.CE:Santana do Cariri,5.163636363636363,0.0,20.157425683657177,0.0,True
Brazil.regions.CE:Senador Sá,15.245673438675697,0.0,126.71826834550988,0.0,True
Brazil.regions.CE:Uruoca,12.74965737779808,0.0,122.19248371732452,0.0,True
Brazil.regions.ES:Montanha,4.729543496985357,0.0,58.30277227926211,0.0,True
Brazil.regions.ES:Presidente Kennedy,15.221218961625283,1.580135440180587,128.71574612803403,13.652457578888775,True
Brazil.regions.ES:Santa Leopoldina,11.743039879608729,0.0,113.50696001752462,0.0,True
Brazil.regions.ES:Águia Branca,0.6666666666666666,1.5333333333333332,9.065908942118153,15.902648136624492,True
Brazil.regions.GO:Aloândia,17.373212942061702,0.0,123.3749917015941,0.0,True
Brazil.regions.GO:Anhanguera,17.373212942061702,0.0,103.71409186579173,0.0,True
Brazil.regions.GO:Anicuns,1.0,0.0,13.683178448544759,0.0,True
Brazil.regions.GO:Bom Jesus de Goiás,16.522949586155004,0.0,160.40828514700885,0.0,True
Brazil.regions.GO:Hidrolândia,17.373212942061702,0.0,163.1389201219898,0.0,True
Brazil.regions.GO:Itaguaru,16.65650865312265,0.0,135.81850135717326,0.0,True
Brazil.regions.GO:Itapuranga,1.0,0.0,6.61749039027157,0.0,True
Brazil.regions.GO:Jesúpolis,6.478036175710594,0.0,25.8915146128929,0.0,True
Brazil.regions.GO:Joviânia,0.9333333333333332,1.0,4.995356290392684,13.537295248409372,True
Brazil.regions.GO:Nova Glória,17.373212942061702,0.0,155.4970436229304,0.0,True
Brazil.regions.GO:Palmeiras de Goiás,2.8333333333333335,0.0,2.7699767525556966,0.0,True
Brazil.regions.GO:Uruaçu,13.33446200150489,0.0,155.31440332478928,0.0,True
Brazil.regions.MA:Alcântara,14.140396555177247,0.0,144.90950991945877,0.0,True
Brazil.regions.MA:Alto Alegre do Pindaré,19.146788990825687,0.0,25.610547873540884,0.0,True
Brazil.regions.MA:Araguanã,7.436018957345971,0.0,34.277599749991886,0.0,True
Brazil.regions.MA:Bacuri,3.892857142857143,0.0,13.988360846547085,0.0,True
Brazil.regions.MA:Barreirinhas,13.18209179834462,0.0,120.02736429133832,0.0,True
Brazil.regions.MA:Boa Vista do Gurupi,5.010590015128592,0.45385779122541603,59.235384250275395,4.887022625448648,True
Brazil.regions.MA:Buriti,6.314787701317717,0.0,14.038043741939498,0.0,True
Brazil.regions.MA:Buritirana,14.324658425504229,0.4879635653871178,80.36628729950628,3.162433994731807,True
Brazil.regions.MA:Cajapió,17.373212942061702,0.0,158.79899660373366,0.0,True
Brazil.regions.MA:Capinzal do Norte,3.9031770045385774,0.0,35.74878437845761,0.0,True
Brazil.regions.MA:Carutapera,8.846473029045644,3.510373443983403,14.657729086459328,14.745131448663852,True
Brazil.regions.MA:Colinas,9.002257336343115,0.0,144.98875144673582,0.0,True
Brazil.regions.MA:Conceição do Lago-Açu,4.856132075471697,0.6367924528301886,23.652994457259144,3.921860274867208,True
Brazil.regions.MA:Fortuna,0.6944444444444444,0.0,2.965374360483006,0.0,True
Brazil.regions.MA:Godofredo Viana,3.1785714285714284,0.0,25.84251017184549,0.0,True
Brazil.regions.MA:Gonçalves Dias,3.6666666666666665,0.0,14.328094200343754,0.0,True
Brazil.regions.MA:Governador Eugênio Barros,1.0,0.0,12.317360663105976,0.0,True
Brazil.regions.MA:Graça Aranha,0.0,0.0,13.678840251295256,0.0,True
Brazil.regions.MA:Humberto de Campos,3.729857819905214,0.0,35.004983354206345,0.0,True
Brazil.regions.MA:Joselândia,1.1707779886148009,0.0,19.752800325053283,0.0,True
Brazil.regions.MA:João Lisboa,13.315352697095436,0.0,34.921847179178904,0.0,True
Brazil.regions.MA:Maranhãozinho,3.1361573373676244,0.0,11.526148074769019,0.0,True
Brazil.regions.MA:Matões do Norte,1.0,0.0,12.287905567470252,0.0,True
Brazil.regions.MA:Mirinzal,14.248683220466516,1.3393528969149735,140.17924077036736,8.951696945027225,True
Brazil.regions.MA:Paulo Ramos,1.6727272727272726,0.0,19.648931113106247,0.0,True
Brazil.regions.MA:Porto Franco,2.393364928909953,0.3507109004739337,33.79008246698582,1.4683311721747274,True
Brazil.regions.MA:Poção de Pedras,4.8,0.0,19.786377473668164,0.0,True
Brazil.regions.MA:Presidente Médici,4.551597695128339,0.0,29.450035269875904,0.0,True
Brazil.regions.MA:Santa Helena,42.988286969253295,0.0,69.70506945511171,0.0,True
Brazil.regions.MA:Santa Quitéria do Maranhão,20.41908713692946,0.0,55.629529883744915,0.0,True
Brazil.regions.MA:Santo Antônio dos Lopes,57.50983358547654,0.0,388.6087226343262,0.0,True
Brazil.regions.MA:Senador La Rocque,4.97114556416882,0.710594315245478,20.167683138376056,4.971624678132498,True
Brazil.regions.MA:São Benedito do Rio Preto,15.027464258841235,0.47404063205417607,149.81876615264815,2.5400023150306814,True
Brazil.regions.MA:São José dos Basílios,1.0,0.0,5.172545248210659,0.0,True
Brazil.regions.MA:São João do Carú,17.87052700065062,0.0,98.25927665454509,0.0,True
Brazil.regions.MA:São João dos Patos,10.55310199789695,0.0,113.59925650136655,0.0,True
Brazil.regions.MA:São Luís Gonzaga do Maranhão,5.118483412322275,0.0,57.24986311836316,0.0,True
Brazil.regions.MA:São Pedro da Água Branca,1.339539978094195,0.0,10.331390320129698,0.0,True
Brazil.regions.MA:Timbiras,8.791225416036308,1.3615733736762479,13.994373303276015,4.675090556504078,True
Brazil.regions.MA:Tufilândia,1.0,0.0,1.1365498162134848,0.0,True
Brazil.regions.MA:Turilândia,44.74168797953964,0.0,155.56764115411875,0.0,True
Brazil.regions.MA:Urbano Santos,12.87170805116629,0.0,151.13612028471692,0.0,True
Brazil.regions.MG:Aimorés,2.1784232365145226,0.0,16.558034242587173,0.0,True
Brazil.regions.MG:Almenara,13.057938299473289,0.0,155.05911039679697,0.0,True
Brazil.regions.MG:Alto Rio Doce,2.649616368286445,0.0,24.22979179730825,0.0,True
Brazil.regions.MG:Belo Vale,11.02446483180428,0.9923547400611621,96.82062405138934,12.862666753871189,True
Brazil.regions.MG:Bonfim,17.373212942061702,0.9744168547780285,153.18566166477893,14.18778181097887,True
Brazil.regions.MG:Brasília de Minas,8.284258210645527,0.0,102.59825709127911,0.0,True
Brazil.regions.MG:Caldas,0.6,0.0,6.5292217241807995,0.0,True
Brazil.regions.MG:Campos Altos,17.373212942061702,0.0,161.27805428081018,0.0,True
Brazil.regions.MG:Candeias,0.0,0.0,4.824394789609467,0.0,True
Brazil.regions.MG:Capitólio,17.373212942061702,0.2821670428893905,156.1611404807192,3.268848967671345,True
Brazil.regions.MG:Carmo do Paranaíba,0.0,0.0,11.665488844233595,0.0,True
Brazil.regions.MG:Catas Altas,1.0,0.0,0.3413529887441129,0.0,True
Brazil.regions.MG:Chácara,1.0,0.0,13.445932962775577,0.0,True
Brazil.regions.MG:Conceição das Alagoas,16.37923250564334,0.0,160.59726436265353,0.0,True
Brazil.regions.MG:Delfim Moreira,1.8,0.0,29.092187434672024,0.0,True
Brazil.regions.MG:Diogo de Vasconcelos,1.0,0.0,8.042108856583095,0.0,True
Brazil.regions.MG:Dionísio,2.107413010590015,0.0,35.24363559125431,0.0,True
Brazil.regions.MG:Espinosa,17.373212942061702,0.9255079006772009,164.58308579626797,2.9272476853502893,True
Brazil.regions.MG:Espírito Santo do Dourado,13.484092021536958,0.0,106.82109394476707,0.0,True
Brazil.regions.MG:Estrela Dalva,0.6222222222222221,0.2,104.43515190429984,8.536064874093043,True
Brazil.regions.MG:Faria Lemos,9.02593659942363,0.0,60.26995595619185,0.0,True
Brazil.regions.MG:Guimarânia,17.373212942061702,0.0,155.3065830930259,0.0,True
Brazil.regions.MG:Icaraí de Minas,5.913567312729178,0.0,54.78002422483665,0.0,True
Brazil.regions.MG:Itapecerica,10.012039127163279,0.0,129.0829277296468,0.0,True
Brazil.regions.MG:Jaboticatubas,16.504138449962376,0.0,158.4669138076634,0.0,True
Brazil.regions.MG:Jeceaba,17.373212942061702,0.0,147.63711438223086,0.0,True
Brazil.regions.MG:Ladainha,1.0,0.0,12.738331220536748,0.0,True
Brazil.regions.MG:Lima Duarte,1.937042459736457,0.0,27.264942007436648,0.0,True
Brazil.regions.MG:Mamonas,3.2485768500948766,0.0,23.505652324141696,0.0,True
Brazil.regions.MG:Minas Novas,7.851415094339623,0.0,81.42775674835528,0.0,True
Brazil.regions.MG:Monte Azul,16.60007524454477,0.0,159.2433148793972,0.0,True
Brazil.regions.MG:Mutum,5.95260663507109,0.0,64.73082524362319,0.0,True
Brazil.regions.MG:Novo Cruzeiro,16.55116629044394,0.9405568096313017,161.9304656496535,3.002000605251354,True
Brazil.regions.MG:Piedade dos Gerais,12.824395373291273,0.0,106.43302899745551,0.0,True
Brazil.regions.MG:Piracema,0.2857142857142857,0.0,10.006421876131084,0.0,True
Brazil.regions.MG:Porteirinha,4.149010477299185,0.0,49.32204509353421,0.0,True
Brazil.regions.MG:Santa Maria de Itabira,16.73739653875094,0.0,152.6651225320869,0.0,True
Brazil.regions.MG:Santo Antônio do Aventureiro,1.2222222222222223,0.0,7.473645928255357,0.0,True
Brazil.regions.MG:São Francisco de Paula,0.0,0.0,12.382111340499094,0.0,True
Brazil.regions.MG:São João da Mata,1.3777777777777778,0.0,14.667946412554324,0.0,True
Brazil.regions.MG:São Sebastião do Oeste,3.132701421800949,0.0,90.53382686466992,0.0,True
Brazil.regions.MG:São Vicente de Minas,1.5180265654648954,0.0,11.690846213483942,0.0,True
Brazil.regions.MG:Tabuleiro,1.9207161125319694,0.0,13.633999537199514,0.0,True
Brazil.regions.MG:Várzea da Palma,2.3333333333333335,0.0,8.010884387861505,0.0,True
Brazil.regions.MS:Douradina,0.0,0.0,15.501134828556339,0.0,True
Brazil.regions.MS:Glória de Dourados,1.0,0.0,8.224714557190465,0.0,True
Brazil.regions.MS:Vicentina,0.7142857142857143,1.0,5.484491853846352,16.38806948541462,True
Brazil.regions.PA:Aurora do Pará,2.7370030581039755,0.0,63.849348964717336,0.0,True
Brazil.regions.PA:Capitão Poço,11.944319036869826,0.938675696012039,131.06244163180472,1.728589020886579,True
Brazil.regions.PA:Garrafão do Norte,8.239747634069401,0.4416403785488959,42.504299470603385,1.6943158848649424,True
Brazil.regions.PA:Limoeiro do Ajuru,7.778287461773701,1.892966360856269,41.34363691652503,6.542133612774388,True
Brazil.regions.PA:Peixe-Boi,3.980618124672603,0.0,26.807949393381396,0.0,True
Brazil.regions.PA:São Domingos do Araguaia,2.888045540796964,0.13282732447817838,15.869080776566289,0.5197297197565378,True
Brazil.regions.PA:São Domingos do Capim,1.8609510086455332,0.6195965417867435,56.692255041406945,1.93690500417876,True
Brazil.regions.PA:São Sebastião da Boa Vista,6.101811062163486,0.6191874694077338,59.5821014280986,2.324277287566568,True
Brazil.regions.PB:Amparo,4.8,0.0,276.6463287323928,0.0,True
Brazil.regions.PB:Barra de Santana,1.1777777777777778,0.0,20.826738941846628,0.0,True
Brazil.regions.PB:Passagem,1.0,0.0,23.079558957365542,0.0,True
Brazil.regions.PB:Paulista,0.0,0.0,2.061570701992405,0.0,True
Brazil.regions.PB:Serra Branca,17.373212942061702,0.0,160.4461383168249,0.0,True
Brazil.regions.PB:São José da Lagoa Tapada,10.0,0.0,139.01408125436228,0.0,True
Brazil.regions.PB:São José do Sabugi,20.583333333333332,0.0,530.437095968361,0.0,True
Brazil.regions.PE:Bodocó,0.7777777777777778,0.0,15.482612442141273,0.0,True
Brazil.regions.PE:Cabrobó,9.823724320742214,0.2286282306163022,97.74875492257068,0.6680933655249764,True
Brazil.regions.PE:Flores,2.2254160363086233,0.0,25.027701460570007,0.0,True
Brazil.regions.PE:Inajá,13.858541360744006,0.0,131.35564495595236,0.0,True
Brazil.regions.PE:São José do Belmonte,7.253229974160206,0.0,75.09696331650095,0.0,True
Brazil.regions.PI:Batalha,11.232365145228217,0.34854771784232363,17.776159797003427,1.2977909589392844,True
Brazil.regions.PI:Boa Hora,6.867298578199053,0.0,57.080709301337684,0.0,True
Brazil.regions.PI:Bonfim do Piauí,17.373212942061702,0.0,150.10925691879547,0.0,True
Brazil.regions.PI:Campo Grande do Piauí,2.0,0.0,49.046236885765815,0.0,True
Brazil.regions.PI:Cocal,1.5560165975103735,0.9709543568464731,29.25104617831686,3.4942755851530323,True
Brazil.regions.PI:Cocal dos Alves,3.6805465191932343,0.0,21.93954529337845,0.0,True
Brazil.regions.PI:Francinópolis,15.311512415349886,0.0,111.22171762888124,0.0,True
Brazil.regions.PI:Francisco Santos,3.3206442166910692,0.0,27.649915890598997,0.0,True
Brazil.regions.PI:Ipiranga do Piauí,2.2254160363086233,0.0,19.2551454129388,0.0,True
Brazil.regions.PI:Monsenhor Gil,5.716981132075471,0.0,50.927714865493385,0.0,True
Brazil.regions.PI:Monsenhor Hipólito,2.639557579700716,0.7612231620039037,18.939470742390352,9.823501897069347,True
Brazil.regions.PI:Morro do Chapéu do Piauí,1.7090909090909088,0.0,37.6377224109686,0.0,True
Brazil.regions.PI:São José do Divino,15.635063957863055,1.0,116.7764887666125,18.705574261129815,True
Brazil.regions.PI:São José do Piauí,16.855906696764485,0.0,145.11646701935427,0.0,True
Brazil.regions.PI:São Julião,3.49345206914615,0.0,23.30112894613158,0.0,True
Brazil.regions.PI:Várzea Grande,10.108681245858186,0.0,79.96178440600691,0.0,True
Brazil.regions.PR:Amaporã,6.18730013704888,0.0,87.02927188394484,0.0,True
Brazil.regions.PR:Campina da Lagoa,17.373212942061702,1.0,160.70467942803296,7.041261794113503,True
Brazil.regions.PR:Chopinzinho,17.373212942061702,0.0,162.55221524312907,0.0,True
Brazil.regions.PR:Cruzeiro do Sul,10.652809502055732,0.0,55.038468037209114,0.0,True
Brazil.regions.PR:Iretama,17.373212942061702,0.7957110609480812,157.91213258806246,7.824870301387366,True
Brazil.regions.PR:Itaúna do Sul,5.913567312729178,0.0,34.59407362879297,0.0,True
Brazil.regions.PR:Ivaí,4.911525029103609,0.0,46.76661311460431,0.0,True
Brazil.regions.PR:Kaloré,1.0,0.0,6.130406414992663,0.0,True
Brazil.regions.PR:Mallet,1.6505295007564293,0.0,17.893226270790816,0.0,True
Brazil.regions.PR:Marilândia do Sul,3.2485768500948766,0.0,27.471823255765322,0.0,True
Brazil.regions.PR:Marumbi,16.39127163280662,0.0,128.74288335118752,0.0,True
Brazil.regions.PR:Palmeira,16.38525206922498,0.0,161.8777685007227,0.0,True
Brazil.regions.PR:Paranapoema,8.028301886792452,0.0,44.554922059913025,0.0,True
Brazil.regions.PR:Ramilândia,14.426222019186843,0.0,114.12153062664309,0.0,True
Brazil.regions.PR:Santa Cruz de Monte Castelo,14.856282919488336,0.0,122.65709477889821,0.0,True
Brazil.regions.PR:Santana do Itararé,17.373212942061702,0.0,147.92458202402864,0.0,True
Brazil.regions.PR:Santo Inácio,1.602409638554217,0.0,12.644390958852059,0.0,True
Brazil.regions.PR:São João do Caiuá,5.78818660647103,0.8897667419112114,244.91673253588482,15.196699264068515,True
Brazil.regions.PR:São Manoel do Paraná,17.373212942061702,0.0,126.35983865301661,0.0,True
Brazil.regions.PR:Verê,16.009405568096312,0.2821670428893905,135.17315117163815,3.8882050832215866,True
Brazil.regions.PR:Vitorino,17.373212942061702,0.0,153.1217821112953,0.0,True
Brazil.regions.RJ:Rio Claro,6.0,0.0,24.915725144104176,0.0,True
Brazil.regions.RJ:Rio das Flores,15.5372460496614,0.0,137.1991198908205,0.0,True
Brazil.regions.RJ:Silva Jardim,8.921369450714824,1.5632054176072234,124.33708896097771,7.1792294369763185,True
Brazil.regions.RJ:Trajano de Moraes,17.373212942061702,0.0,158.33506224605006,0.0,True
Brazil.regions.RN:Acari,16.86719337848006,0.0,154.22205864688027,0.0,True
Brazil.regions.RN:Afonso Bezerra,1.588235294117647,0.0,14.640310546859856,0.0,True
Brazil.regions.RN:Apodi,10.642588412340105,0.8465011286681715,146.17912707869104,2.361559851215432,True
Brazil.regions.RN:Bento Fernandes,13.80950205573321,0.0,110.6580682493638,0.0,True
Brazil.regions.RN:Caraúbas,16.641459744168547,0.0,159.29547912341442,0.0,True
Brazil.regions.RN:Carnaubais,17.373212942061702,0.0,158.45139711953468,0.0,True
Brazil.regions.RN:Felipe Guerra,4.7239868565169765,0.0,108.01601610106573,0.0,True
Brazil.regions.RN:Jucurutu,1.0,0.0,12.793863177525619,0.0,True
Brazil.regions.RN:Lajes,2.649616368286445,0.0,24.453094255247574,0.0,True
Brazil.regions.RN:Ouro Branco,8.48820754716981,0.0,66.4279933730356,0.0,True
Brazil.regions.RN:Parazinho,1.3777777777777778,0.0,3.6532072123378883,0.0,True
Brazil.regions.RN:Porto do Mangue,2.5939278937381403,0.0,13.71244869958058,0.0,True
Brazil.regions.RN:Serra do Mel,5.913567312729178,0.0,54.74369529657216,0.0,True
Brazil.regions.RN:São Rafael,8.891731384193696,1.0,70.12065512758977,12.192148256522799,True
Brazil.regions.RN:Taboleiro Grande,1.8931185944363107,0.9224011713030748,75.03595998767709,35.947044867617876,True
Brazil.regions.RO:Ouro Preto do Oeste,10.490218209179835,0.0,144.83639431082173,0.0,True
Brazil.regions.RS:Ajuricaba,17.373212942061702,0.0,153.50903917203257,0.0,True
Brazil.regions.RS:Alecrim,1.0,0.0,1.4531147983707307,0.0,True
Brazil.regions.RS:Alpestre,2.5085388994307403,0.0,67.52281512521908,0.0,True
Brazil.regions.RS:Barra do Ribeiro,1.0,0.0,10.847488514056694,0.0,True
Brazil.regions.RS:Barros Cassal,3.9147690305790497,0.4033832140533507,36.02297172350431,3.6019574431051935,True
Brazil.regions.RS:Caibaté,1.0,0.0,2.3757382451165796,0.0,True
Brazil.regions.RS:Camargo,1.0,0.0,18.329990540361905,0.0,True
Brazil.regions.RS:Campinas do Sul,11.433753943217665,0.0,82.39483696458771,0.0,True
Brazil.regions.RS:Canudos do Vale,2.6480156148340925,0.0,123.7305848995911,0.0,True
Brazil.regions.RS:Ciríaco,9.188040345821324,0.0,72.54846291843877,0.0,True
Brazil.regions.RS:Doutor Maurício Cardoso,3.9868228404099564,0.8418740849194729,25.105412781972774,18.506794568465004,True
Brazil.regions.RS:Doutor Ricardo,1.317700453857791,0.0,66.7557226224053,0.0,True
Brazil.regions.RS:Erebango,1.0,0.0,82.04106522067801,0.0,True
Brazil.regions.RS:Esperança do Sul,0.6944444444444444,0.9166666666666666,79.39231241426747,31.328320802005017,True
Brazil.regions.RS:Espumoso,13.161399548532732,0.0,134.31116194623567,0.0,True
Brazil.regions.RS:Fontoura Xavier,0.2222222222222222,0.0,2.6678154990231473,0.0,True
Brazil.regions.RS:General Câmara,2.248576850094877,0.0,17.950720721149658,0.0,True
Brazil.regions.RS:Jaguari,6.867298578199053,0.0,62.60950766602054,0.0,True
Brazil.regions.RS:Lagoa Vermelha,1.0151285930408471,0.0,19.649319729095886,0.0,True
Brazil.regions.RS:Machadinho,1.0756429652042359,0.0,10.033812775809515,0.0,True
Brazil.regions.RS:Marcelino Ramos,8.463976945244957,0.0,54.80103136189424,0.0,True
Brazil.regions.RS:Maximiliano de Almeida,1.0,0.0,50.280258468687975,0.0,True
Brazil.regions.RS:Minas do Leão,16.3732129420617,0.0,143.75184769449504,0.0,True
Brazil.regions.RS:Montauri,1.0,0.0,50.563287082409104,0.0,True
Brazil.regions.RS:Mormaço,2.248576850094877,0.0,26.040660300160663,0.0,True
Brazil.regions.RS:Muliterno,1.0,0.0,34.5663643086445,0.0,True
Brazil.regions.RS:Nova Palma,17.373212942061702,0.0,152.3896758658811,0.0,True
Brazil.regions.RS:Paim Filho,1.0756429652042359,0.0,48.92211962991341,0.0,True
Brazil.regions.RS:Paraíso do Sul,2.2254160363086233,0.0,16.308908386375485,0.0,True
Brazil.regions.RS:Rio Pardo,16.761851015801355,0.0,163.5359819112115,0.0,True
Brazil.regions.RS:Santiago,17.373212942061702,0.0,165.72267364500937,0.0,True
Brazil.regions.RS:São José do Herval,0.1,0.0,78.13793014319796,0.0,True
Brazil.regions.RS:São Lourenço do Sul,16.667795334838225,0.0,163.83281743887932,0.0,True
Brazil.regions.RS:Sério,1.1138519924098673,0.0,179.97842848288354,0.0,True
Brazil.regions.RS:Trindade do Sul,4.623919308357348,0.16210374639769454,36.81643222947628,2.793928755561781,True
Brazil.regions.RS:Três Arroios,2.6929460580912865,0.0,32.33347940964776,0.0,True
Brazil.regions.RS:Tunas,4.324720068906116,1.3359173126614987,18.205978183726266,29.238724286747622,True
Brazil.regions.RS:Áurea,1.0,0.0,9.877472585710645,0.0,True
Brazil.regions.SC:Abelardo Luz,0.10714285714285714,0.0,7.6875790934721495,0.0,True
Brazil.regions.SC:Alto Bela Vista,2.9868228404099564,0.0,57.723164923455116,0.0,True
Brazil.regions.SC:Botuverá,14.833709556057187,0.0,102.69548722681317,0.0,True
Brazil.regions.SC:Campo Erê,2.982475355969332,0.0,24.63084693606044,0.0,True
Brazil.regions.SC:Grão Pará,3.2485768500948766,0.0,23.566144215820167,0.0,True
Brazil.regions.SC:Guatambú,3.5958378970427165,0.0,123.20716238482619,0.0,True
Brazil.regions.SC:Ibicaré,3.2485768500948766,0.0,15.787496303901191,0.0,True
Brazil.regions.SC:Jaborá,5.853211009174312,0.0,58.35117521843554,0.0,True
Brazil.regions.SC:Paial,2.6182572614107884,0.0,89.06129320938629,0.0,True
Brazil.regions.SC:Palma Sola,14.789401553220648,0.0,130.68431099973773,0.0,True
Brazil.regions.SC:Paulo Lopes,16.626410835214447,0.0,145.13419098077938,0.0,True
Brazil.regions.SC:Ponte Serrada,4.408018867924528,0.0,35.887309227112205,0.0,True
Brazil.regions.SC:Tangará,16.46087283671934,0.8690744920993227,145.7042157110542,10.016995067995882,True
Brazil.regions.SC:Timbé do Sul,17.373212942061702,0.0,149.099522693713,0.0,True
Brazil.regions.SC:Vidal Ramos,17.373212942061702,0.0,151.9680933206002,0.0,True
Brazil.regions.SC:Xavantina,8.028301886792452,0.0,51.163475714536375,0.0,True
Brazil.regions.SC:Zortéa,3.1042654028436023,0.0,144.4933901823522,0.0,True
Brazil.regions.SC:Águas Mornas,17.119262603461248,0.0,148.3619508279518,0.0,True
Brazil.regions.SE:Gararu,0.5111111111111111,1.0,5.622510915645038,8.617718028266115,True
Brazil.regions.SP:Adolfo,5.63069669984285,0.0,30.19826784162181,0.0,True
Brazil.regions.SP:Altinópolis,0.47619047619047616,0.0,8.844306569196709,0.0,True
Brazil.regions.SP:Arandu,10.846877351392024,1.9074492099322797,74.77255879203057,30.005493313391217,True
Brazil.regions.SP:Arealva,9.188040345821324,0.0,81.3337375244679,0.0,True
Brazil.regions.SP:Bananal,1.537084398976982,0.0,14.027891730822573,0.0,True
Brazil.regions.SP:Brotas,1.0,0.0,6.356539102977629,0.0,True
Brazil.regions.SP:Caiabu,17.373212942061702,1.0,144.5511482186571,23.860653781913623,True
Brazil.regions.SP:Castilho,15.879608728367193,0.0,155.87502713238874,0.0,True
Brazil.regions.SP:Cosmorama,6.706287683031869,0.0,54.16101016585794,0.0,True
Brazil.regions.SP:General Salgado,0.03571428571428571,0.0,0.4596279230333421,0.0,True
Brazil.regions.SP:Getulina,2.2254160363086233,0.0,20.682776246437832,0.0,True
Brazil.regions.SP:Guaraci,1.0,0.0,9.32168947171522,0.0,True
Brazil.regions.SP:Guzolândia,14.789401553220648,0.0,125.27200641011908,0.0,True
Brazil.regions.SP:Gália,1.0,0.0,2.987998758063343,0.0,True
Brazil.regions.SP:Iacanga,2.215772179627601,0.0,21.27254423541523,0.0,True
Brazil.regions.SP:Itapura,2.0514786418400877,0.0,14.051083669366761,0.0,True
Brazil.regions.SP:Itatinga,16.98382242287434,0.0,161.03293682930033,0.0,True
Brazil.regions.SP:Itaóca,1.0,0.0,11.788239435630562,0.0,True
Brazil.regions.SP:Juquiá,9.495412844036698,0.0,96.33856382451101,0.0,True
Brazil.regions.SP:Lavínia,0.6505295007564296,0.0,7.954576513576775,0.0,True
Brazil.regions.SP:Martinópolis,8.880733944954128,0.2874617737003058,97.90176674285699,1.0863602044529903,True
Brazil.regions.SP:Meridiano,2.2254160363086233,0.0,10.018373292641847,0.0,True
Brazil.regions.SP:Miracatu,2.4660249150622877,1.9705549263873159,57.1513302977907,9.962864282255504,True
Brazil.regions.SP:Monções,1.0,0.0,26.007537457219417,0.0,True
Brazil.regions.SP:Murutinga do Sul,1.0,0.0,4.031736297662867,0.0,True
Brazil.regions.SP:Nuporanga,1.0,0.0,4.804509177435598,0.0,True
Brazil.regions.SP:Paraibuna,6.28436018957346,0.0,63.140833802243506,0.0,True
Brazil.regions.SP:Paranapanema,5.047393364928911,0.0,57.53727873319414,0.0,True
Brazil.regions.SP:Pedrinhas Paulista,2.823050058207218,1.0,48.51662009401334,32.33107015842224,True
Brazil.regions.SP:Pedro de Toledo,8.346587143803845,0.0,77.04895664300273,0.0,True
Brazil.regions.SP:Planalto,1.8,0.0,31.386906831820397,0.0,True
Brazil.regions.SP:Presidente Bernardes,0.781818181818182,0.0,5.774458602740379,0.0,True
Brazil.regions.SP:Quatá,6.828193832599119,1.4635340186000978,78.74078559955773,10.37305279325323,True
Brazil.regions.SP:Quintana,12.911831886706258,0.0,100.91864940373873,0.0,True
Brazil.regions.SP:Rancharia,15.317155756207676,0.8690744920993227,157.45861101090324,2.925487232299871,True
Brazil.regions.SP:Ribeirão Grande,1.0,0.0,5.227125380056813,0.0,True
Brazil.regions.SP:Sagres,1.0,0.0,22.858583565185214,0.0,True
Brazil.regions.SP:Santo Antônio da Alegria,17.373212942061702,1.0,153.31384423845472,14.432096983691729,True
Brazil.regions.SP:São João das Duas Pontes,0.047619047619047616,1.0,57.767458166017526,38.940809968847354,True
Brazil.regions.SP:São João do Pau d'Alho,1.0,0.0,29.24610075483393,0.0,True
Brazil.regions.SP:São Luiz do Paraitinga,2.649616368286445,1.0,23.963537980011104,9.357162908206233,True
Brazil.regions.SP:Ubirajara,0.6671709531013614,0.0,24.07198528901525,0.0,True
Brazil.regions.TO:Esperantina,0.0,0.0,0.0714053302983082,0.0,True
Brazil.regions.TO:Sampaio,2.5085388994307403,0.0,11.456162481606091,0.0,True
Brazil.regions.TO:Tocantinópolis,14.117005267118135,0.2821670428893905,149.13550101688378,1.2337868075618301,True
Sweden.regions.Gotland,7.883747178329571,0.0,149.39421724020295,0.0,True
United_States_of_America.regions.Alabama:Chambers,129.02294958615502,7.385252069224981,276.42715359236826,22.20861270591502,True
United_States_of_America.regions.Alabama:Cherokee,9.024830699774267,0.0,131.7867697462745,0.0,True
United_States_of_America.regions.Alabama:Franklin,5.8453724604966135,0.18434913468773514,127.5361029439351,0.5878105181038682,True
United_States_of_America.regions.Alabama:Geneva,8.368322046651619,0.0,128.8032876127612,0.0,True
United_States_of_America.regions.Alabama:Jackson,4.173438675696012,1.5632054176072234,124.17199528925651,3.0279421562918363,True
United_States_of_America.regions.Alabama:Lawrence,10.19112114371708,0.0,141.78149968595105,0.0,True
United_States_of_America.regions.Alabama:Pike,12.578254326561325,0.0,74.31286717050743,0.0,True
United_States_of_America.regions.Alabama:Tallapoosa,101.70917983446199,6.892400300978179,132.78442969089807,17.074343649461635,True
United_States_of_America.regions.Arkansas:Carroll,15.187358916478555,0.0,156.5202399339747,0.0,True
United_States_of_America.regions.Arkansas:Cleburne,42.478555304740404,3.1508653122648607,77.47781220173307,12.64442919966636,True
United_States_of_America.regions.Arkansas:Hot Spring,11.30285929270128,0.0,145.98538197009205,0.0,True
United_States_of_America.regions.Arkansas:Independence,13.264860797592174,0.0,154.11141088884742,0.0,True
United_States_of_America.regions.Arkansas:Mississippi,7.391647855530474,0.0,138.88995168437924,0.0,True
United_States_of_America.regions.California:Lake,12.28969149736644,0.0,157.83464087426577,0.0,True
United_States_of_America.regions.Colorado:Gilpin,17.136192626034614,0.0,147.9314239063193,0.0,True
United_States_of_America.regions.Colorado:Summit,18.528969149736643,0.11851015801354402,48.74886891942049,0.3821552288334591,True
United_States_of_America.regions.Colorado:Teller,4.582392776523702,1.6715575620767493,104.7412985978047,6.584045856612374,True
United_States_of_America.regions.Florida:Baker,6.673438675696012,0.8559066967644845,126.9320224496758,2.930183830073552,True
United_States_of_America.regions.Florida:DeSoto,4.160270880361174,2.7878103837471784,119.35930471046984,7.336150058543665,True
United_States_of_America.regions.Florida:Gilchrist,13.90782543265613,0.0,142.31072707907396,0.0,True
United_States_of_America.regions.Florida:Hardee,8.878103837471784,0.0,132.49662205301138,0.0,True
United_States_of_America.regions.Florida:Jackson,13.34762979683973,0.0,156.91821005219347,0.0,True
United_States_of_America.regions.Florida:Okeechobee,10.629044394281413,0.0,148.61361317648752,0.0,True
United_States_of_America.regions.Florida:Wakulla,5.006772009029345,0.7957110609480812,124.43778701193216,2.358431076641516,True
United_States_of_America.regions.Florida:Washington,12.222723852520692,0.0,143.60081073284007,0.0,True
United_States_of_America.regions.Georgia:Bacon,5.158013544018059,0.6715575620767494,48.0200727414581,6.015384826914631,True
United_States_of_America.regions.Georgia:Bleckley,11.878480060195637,0.0,117.29357672384718,0.0,True
United_States_of_America.regions.Georgia:Candler,12.788939051918735,0.0,116.07313773789231,0.0,True
United_States_of_America.regions.Georgia:Chattahoochee,12.788939051918735,0.0,116.55071725452633,0.0,True
United_States_of_America.regions.Georgia:Decatur,23.251316779533482,0.3818660647103085,28.436517411097224,1.4462432385635076,True
United_States_of_America.regions.Georgia:Elbert,2.4766741911211434,0.0,84.14154484577068,0.0,True
United_States_of_America.regions.Georgia:Evans,13.969525959367944,0.0,126.53163343671665,0.0,True
United_States_of_America.regions.Georgia:Grady,19.829194883370956,1.9469525959367946,20.41318402462065,7.903838736397494,True
United_States_of_America.regions.Georgia:Greene,13.93002257336343,0.7957110609480812,15.765616503479315,4.342452853896972,True
United_States_of_America.regions.Georgia:Jeff Davis,4.809255079006772,0.7957110609480812,77.65908019406652,5.264380158439176,True
United_States_of_America.regions.Georgia:Lanier,11.829571106094809,0.8220466516177577,105.16950327611903,7.886852649119809,True
United_States_of_America.regions.Georgia:Long,16.71482317531979,0.0,159.2670324500113,0.0,True
United_States_of_America.regions.Georgia:Morgan,4.2975921745673435,0.0,92.07005581057878,0.0,True
United_States_of_America.regions.Georgia:Pulaski,6.443942814145974,0.5981941309255079,60.27569890570266,5.371232207286593,True
United_States_of_America.regions.Georgia:Rabun,10.092174567343868,0.0545522949586155,117.64962972117553,0.318330483507122,True
United_States_of_America.regions.Georgia:Tattnall,14.37471783295711,0.0,151.93286240736913,0.0,True
United_States_of_America.regions.Georgia:Wayne,8.597441685477802,0.0,134.03712938874688,0.0,True
United_States_of_America.regions.Idaho:Nez Perce,8.523325808878855,8.218961625282166,102.19784705536665,20.3399367087759,True
United_States_of_America.regions.Idaho:Payette,9.933408577878104,0.7844243792325056,132.06832138638882,3.27512162010983,True
United_States_of_America.regions.Illinois:Christian,5.578630549285176,3.438675696012039,103.74441764120085,10.644736552786153,True
United_States_of_America.regions.Illinois:Douglas,9.465011286681715,0.0,114.27419464617176,0.0,True
United_States_of_America.regions.Illinois:Jersey,8.821294206170052,0.5173062452972159,120.78344117243101,2.3759070651596743,True
United_States_of_America.regions.Illinois:Lee,5.048908954100828,0.0,109.61973297410098,0.0,True
United_States_of_America.regions.Illinois:Logan,13.584650112866818,0.0,150.9212210465068,0.0,True
United_States_of_America.regions.Illinois:Macoupin,5.522573363431151,0.0,114.84337864438913,0.0,True
United_States_of_America.regions.Illinois:Massac,15.164785553047404,0.0,144.4491986356354,0.0,True
United_States_of_America.regions.Illinois:McDonough,10.335590669676447,0.9875846501128668,74.18585720338099,3.3272173374869176,True
United_States_of_America.regions.Illinois:Morgan,8.454853273137697,0.9650112866817155,136.03114134138238,2.8671082259246403,True
United_States_of_America.regions.Illinois:Perry,6.396914973664409,0.0,54.348498212802106,0.0,True
United_States_of_America.regions.Illinois:Randolph,53.6948833709556,0.6715575620767494,59.499633931158314,2.113012277631204,True
United_States_of_America.regions.Illinois:Wabash,17.29984951091046,0.0,158.42855032673637,0.0,True
United_States_of_America.regions.Indiana:Brown,7.576373212942062,0.7957110609480812,94.4152894415333,5.27240300124623,True
United_States_of_America.regions.Indiana:Carroll,11.573739653875094,0.6715575620767494,134.17989843107864,3.315187649092903,True
United_States_of_America.regions.Indiana:Franklin,35.2012791572611,5.509781790820165,68.3597910937228,24.2103075438095,True
United_States_of_America.regions.Indiana:Fulton,12.243416102332581,0.0,137.05706147983585,0.0,True
United_States_of_America.regions.Indiana:Greene,17.291948833709554,3.288186606471031,57.722151526932684,10.300691079728809,True
United_States_of_America.regions.Indiana:Jasper,3.4890895410082767,0.9939804364183595,108.07628130105347,2.961624564740956,True
United_States_of_America.regions.Indiana:Jay,8.337848006019563,0.0,117.64550470363744,0.0,True
United_States_of_America.regions.Indiana:Orange,8.99097065462754,3.3878856282919485,34.908741820756546,17.244658598655956,True
United_States_of_America.regions.Indiana:Owen,4.878856282919488,0.5173062452972159,91.97510580453516,2.4871688316612146,True
United_States_of_America.regions.Indiana:Perry,3.983446200150489,0.0,90.51708669534662,0.0,True
United_States_of_America.regions.Indiana:Randolph,8.372084273890144,1.3224228743416102,125.0321162229892,5.361536080849829,True
United_States_of_America.regions.Indiana:Spencer,12.971407072987208,0.11851015801354402,141.1058767694439,0.5844560734504316,True
United_States_of_America.regions.Indiana:Sullivan,11.993227990970654,0.0,136.8785313276617,0.0,True
United_States_of_America.regions.Indiana:Switzerland,8.753950338600452,0.0,78.92768174559552,0.0,True
United_States_of_America.regions.Indiana:Tipton,9.345748683220465,0.3818660647103085,107.72863120170703,2.520900876091289,True
United_States_of_America.regions.Indiana:Union,10.376975169300225,0.0,65.69747717474438,0.0,True
United_States_of_America.regions.Indiana:Washington,3.6723100075244544,0.0,90.69918815468863,0.0,True
United_States_of_America.regions.Indiana:White,8.320917983446199,0.0,118.88943539748439,0.0,True
United_States_of_America.regions.Iowa:Boone,13.366440933032356,0.0,148.66089125252938,0.0,True
United_States_of_America.regions.Iowa:Bremer,14.718585402558313,1.693002257336343,40.379030291052715,6.7552559944790636,True
United_States_of_America.regions.Iowa:Dickinson,16.25395033860045,0.0,155.4660559314914,0.0,True
United_States_of_America.regions.Iowa:Henry,1.5662151993980435,0.7674943566591422,81.66948531336061,3.846318315421179,True
United_States_of_America.regions.Iowa:Jasper,9.78818660647103,0.0,96.58991608882945,0.0,True
United_States_of_America.regions.Iowa:Marion,10.604213694507147,0.0,144.23555659021736,0.0,True
United_States_of_America.regions.Iowa:Sioux,12.143717080511664,0.0,149.72222283772703,0.0,True
United_States_of_America.regions.Iowa:Webster,15.836343115124153,0.0,160.68023871842112,0.0,True
United_States_of_America.regions.Kansas:Franklin,10.495861550037622,0.0,136.90757842844116,0.0,True
United_States_of_America.regions.Kansas:Miami,14.500752445447706,0.0,156.43519408713465,0.0,True
United_States_of_America.regions.Kansas:Montgomery,8.604589917231,1.9074492099322797,128.68015641210357,5.992802821113701,True
United_States_of_America.regions.Kansas:Reno,8.349134687735138,0.0,150.1515000218174,0.0,True
United_States_of_America.regions.Kentucky:Adair,49.31677953348382,7.822046651617757,184.83286404800805,40.73558302061117,True
United_States_of_America.regions.Kentucky:Bath,15.100827689992476,0.22949586155003762,141.56685920559264,1.835966892400301,True
United_States_of_America.regions.Kentucky:Clinton,15.988713318284425,0.0,144.50356506397185,0.0,True
United_States_of_America.regions.Kentucky:Grayson,8.028592927012792,0.4288939051918736,120.94267838725987,1.6229383024629114,True
United_States_of_America.regions.Kentucky:Hancock,13.458615500376222,0.0,111.62724069536924,0.0,True
United_States_of_America.regions.Kentucky:Harlan,2.2254160363086233,0.0,25.603111201247486,0.0,True
United_States_of_America.regions.Kentucky:Hart,13.249811888638074,0.0,140.83025404892015,0.0,True
United_States_of_America.regions.Kentucky:Henry,14.284424379232506,0.0,142.39068534450044,0.0,True
United_States_of_America.regions.Kentucky:Larue,14.259969902182092,0.0,139.1777856458191,0.0,True
United_States_of_America.regions.Kentucky:Logan,12.333709556057187,0.0,145.46159546904886,0.0,True
United_States_of_America.regions.Kentucky:Marion,7.751316779533484,0.0,104.4561931531266,0.0,True
United_States_of_America.regions.Kentucky:Martin,16.27464258841234,0.0,149.00033734854787,0.0,True
United_States_of_America.regions.Kentucky:Pendleton,13.490594431903688,0.0,134.16055227835167,0.0,True
United_States_of_America.regions.Kentucky:Rockcastle,9.638073739653874,0.0,109.56145804388483,0.0,True
United_States_of_America.regions.Kentucky:Trimble,15.689240030097817,0.0,136.12610095325766,0.0,True
United_States_of_America.regions.Kentucky:Wayne,13.432279909706546,0.0,143.3163507877549,0.0,True
United_States_of_America.regions.Louisiana:Avoyelles,33.43942814145974,1.9431903686982692,48.70131501891709,4.840549941954637,True
United_States_of_America.regions.Louisiana:Evangeline,12.069224981188864,0.0,76.58727099231994,0.0,True
United_States_of_America.regions.Louisiana:Iberville,152.3374717832957,10.846501128668171,357.95950790084873,33.36255768407054,True
United_States_of_America.regions.Louisiana:Jefferson Davis,23.78216704288939,3.4349134687735137,41.64661252861163,10.950374486016047,True
United_States_of_America.regions.Louisiana:Vermilion,8.324680210684724,0.9879608728367194,123.00078626494768,1.6601315266702281,True
United_States_of_America.regions.Maine:Waldo,10.65537998495109,4.232505643340858,96.65628217949617,10.657196634372044,True
United_States_of_America.regions.Maryland:Dorchester,13.731376975169301,1.4070729872084273,67.48586690988085,4.406880851916525,True
United_States_of_America.regions.Maryland:Garrett,14.688863807373965,0.0,154.63766413031104,0.0,True
United_States_of_America.regions.Michigan:Alpena,51.197516930022566,5.227614747930775,79.01855551357379,18.403854067702078,True
United_States_of_America.regions.Michigan:Antrim,10.736644093303235,0.050790067720090294,131.94639083120643,0.21775882232931867,True
United_States_of_America.regions.Michigan:Benzie,12.873931623931622,0.0,129.6850844045725,0.0,True
United_States_of_America.regions.Michigan:Clare,13.889390519187359,0.5981941309255079,153.25863129363486,1.9327758672875859,True
United_States_of_America.regions.Michigan:Gladwin,12.726486079759216,0.17494356659142213,145.55753750371946,0.6874280584361748,True
United_States_of_America.regions.Michigan:Iosco,8.26109857035365,1.5161775771256583,127.50192334612443,6.034057297431682,True
United_States_of_America.regions.Michigan:Manistee,9.743416102332581,0.0,131.6403253097912,0.0,True
United_States_of_America.regions.Michigan:Mason,9.686982693754704,0.0,137.94141799847432,0.0,True
United_States_of_America.regions.Michigan:Oceana,15.029345372460497,0.8465011286681715,155.11184000326557,3.198326703699594,True
United_States_of_America.regions.Michigan:Otsego,7.721218961625283,1.3299473288186605,65.09824225559548,5.391386933754909,True
United_States_of_America.regions.Michigan:Roscommon,11.095936794582393,0.0,137.44794318942522,0.0,True
United_States_of_America.regions.Michigan:Wexford,12.617757712565838,0.5586907449209932,150.63239946158072,1.6612373849156825,True
United_States_of_America.regions.Minnesota:Dodge,6.418735891647855,0.0,103.36866744680965,0.0,True
United_States_of_America.regions.Minnesota:Douglas,16.814522197140708,0.0,163.65928710998108,0.0,True
United_States_of_America.regions.Minnesota:Freeborn,11.65086531226486,0.0,82.72771139021746,0.0,True
United_States_of_America.regions.Minnesota:Kandiyohi,12.561324303987961,0.0,153.17742406988603,0.0,True
United_States_of_America.regions.Minnesota:Mille Lacs,13.234762979683973,0.9819413092550789,148.19100739264638,3.736885143871367,True
United_States_of_America.regions.Minnesota:Mower,3.9890895410082767,0.0,118.70138090763919,0.0,True
United_States_of_America.regions.Mississippi:Clay,2.7099322799097063,0.2821670428893905,85.79927182554724,1.4607943823223777,True
United_States_of_America.regions.Mississippi:Covington,10.074115876598945,0.0,16.914964161749392,0.0,True
United_States_of_America.regions.Mississippi:George,11.609480812641083,0.22949586155003762,140.13887130614393,0.9367178022450515,True
United_States_of_America.regions.Mississippi:Grenada,6.527840481565086,0.0,110.68180951149701,0.0,True
United_States_of_America.regions.Mississippi:Itawamba,7.740030097817908,0.2821670428893905,121.77728271431752,1.2063576010662271,True
United_States_of_America.regions.Mississippi:Leflore,6.031978931527464,2.082392776523702,81.33205489654156,7.3888258046471345,True
United_States_of_America.regions.Mississippi:Lincoln,35.46651617757713,3.1226486079759215,28.821250844896465,9.143116587052154,True
United_States_of_America.regions.Mississippi:Marion,8.834838224228744,0.5210684725357412,57.65949466223193,2.120491891652387,True
United_States_of_America.regions.Mississippi:Marshall,8.85703536493604,1.3393528969149735,90.80856053610628,3.7948458574119495,True
United_States_of_America.regions.Mississippi:Monroe,5.01053423626787,1.0985703536493603,107.90804356821722,3.1163348282348813,True
United_States_of_America.regions.Mississippi:Neshoba,47.04063205417607,1.2641083521444694,67.23126731648676,4.3413295973091195,True
United_States_of_America.regions.Mississippi:Panola,3.446576373212942,1.4484574868322047,104.58185177796666,4.236246744361853,True
United_States_of_America.regions.Mississippi:Scott,32.292325056433405,0.0,39.82732736309924,0.0,True
United_States_of_America.regions.Mississippi:Simpson,7.826561324303988,0.0,127.7315257018879,0.0,True
United_States_of_America.regions.Mississippi:Tippah,19.161775771256583,4.668924003009781,45.860073793915475,21.207921885122783,True
United_States_of_America.regions.Mississippi:Tishomingo,13.729495861550038,0.0,143.7882613969818,0.0,True
United_States_of_America.regions.Missouri:Adair,9.161023325808879,0.0,127.29862111763717,0.0,True
United_States_of_America.regions.Missouri:Barry,14.969149736644093,0.0,158.23446226096394,0.0,True
United_States_of_America.regions.Missouri:Callaway,7.047027840481564,0.7957110609480812,125.65087937298331,1.7784034618780171,True
United_States_of_America.regions.Missouri:Clinton,9.498871331828443,0.0,121.5591440838677,0.0,True
United_States_of_America.regions.Missouri:Dunklin,6.314145974416855,0.5624529721595184,126.34994737488806,1.9307712476726457,True
United_States_of_America.regions.Missouri:Laclede,0.5111111111111111,0.0,13.746416307686292,0.0,True
United_States_of_America.regions.Missouri:Lafayette,8.106471030850262,0.9405568096313017,95.73563159169932,2.875617003886822,True
United_States_of_America.regions.Missouri:Miller,15.868322046651619,0.0,157.9684678804466,0.0,True
United_States_of_America.regions.Missouri:Polk,17.373212942061702,0.0,164.63542456532974,0.0,True
United_States_of_America.regions.Missouri:Randolph,11.383747178329571,0.0,138.74328595441415,0.0,True
United_States_of_America.regions.Montana:Silver Bow,9.587283671933784,0.0,142.39899253767604,0.0,True
United_States_of_America.regions.Nebraska:Adams,19.899548532731377,0.06019563581640331,54.42437614870079,0.19193200846986358,True
United_States_of_America.regions.Nebraska:Buffalo,11.793077501881113,0.8690744920993227,107.02331024532546,1.750084560904011,True
United_States_of_America.regions.Nebraska:Cass,16.22197140707299,0.0,159.55011093035768,0.0,True
United_States_of_America.regions.Nebraska:Platte,8.08803611738149,0.0,131.14881112596967,0.0,True
United_States_of_America.regions.Nebraska:Scotts Bluff,2.6892400300978174,0.0,113.88877842863663,0.0,True
United_States_of_America.regions.Nebraska:Washington,7.457863054928517,0.5586907449209932,92.14176045070273,2.6952132033431098,True
United_States_of_America.regions.New Hampshire:Carroll,2.187358916478555,0.0,127.17296270584086,0.0,True
United_States_of_America.regions.New York:Chenango,29.632054176072234,0.0,66.10595379696082,0.0,True
United_States_of_America.regions.New York:Schoharie,6.043265613243039,0.0,126.70842723258136,0.0,True
United_States_of_America.regions.New York:Schuyler,12.59104589917231,0.0,134.6407923478546,0.0,True
United_States_of_America.regions.North Carolina:Alleghany,16.37923250564334,0.0,149.8418338645245,0.0,True
United_States_of_America.regions.North Carolina:Anson,3.9853273137697514,0.0,99.17439583995369,0.0,True
United_States_of_America.regions.North Carolina:Beaufort,7.133935289691498,0.0,139.71937375262047,0.0,True
United_States_of_America.regions.North Carolina:Camden,6.757967269595176,0.0,61.57640769341718,0.0,True
United_States_of_America.regions.North Carolina:Caswell,9.278781038374719,0.0,127.51221310461423,0.0,True
United_States_of_America.regions.North Carolina:Clay,14.024454477050412,0.0,128.98750462903357,0.0,True
United_States_of_America.regions.North Carolina:Madison,9.105187319884726,0.0,88.03849016377023,0.0,True
United_States_of_America.regions.North Carolina:Martin,7.716704288939051,0.0,119.54953015891823,0.0,True
United_States_of_America.regions.North Carolina:Montgomery,6.205041384499624,0.9085778781038374,117.05078414026354,3.343678939034473,True
United_States_of_America.regions.North Carolina:Perquimans,11.265237020316027,0.0,114.94956655271413,0.0,True
United_States_of_America.regions.North Carolina:Warren,10.978555304740405,0.0,129.84909546385313,0.0,True
United_States_of_America.regions.North Carolina:Yancey,2.966804979253112,0.0,14.77764559613226,0.0,True
United_States_of_America.regions.Ohio:Adams,14.460496613995485,0.0,153.4430121941768,0.0,True
United_States_of_America.regions.Ohio:Meigs,16.114747930775017,0.0,157.8866623498075,0.0,True
United_States_of_America.regions.Ohio:Paulding,11.60158013544018,0.0,130.2734499299618,0.0,True
United_States_of_America.regions.Ohio:Wyandot,4.147103085026335,1.5331075996990218,101.10862310748196,7.0416479868593695,True
United_States_of_America.regions.Oklahoma:Bryan,14.062452972159518,0.2821670428893905,158.76425569260755,0.5879092465660808,True
United_States_of_America.regions.Oklahoma:Grady,8.2686230248307,0.2821670428893905,149.64838432629264,0.5053677739180259,True
United_States_of_America.regions.Oklahoma:Kay,10.849134687735138,1.7268623024830698,100.77712116645601,3.9663335534086777,True
United_States_of_America.regions.Oklahoma:Marshall,16.504138449962376,0.0,156.70657856135074,0.0,True
United_States_of_America.regions.Oklahoma:Okmulgee,7.552671181339353,0.0,132.846674330734,0.0,True
United_States_of_America.regions.Oklahoma:Pontotoc,10.204288939051919,0.5173062452972159,145.15036842530964,1.351233531755344,True
United_States_of_America.regions.Oklahoma:Stephens,6.142964635063957,0.9255079006772009,134.28764330875723,2.1452098849806474,True
United_States_of_America.regions.Oregon:Clatsop,13.087659894657635,0.0,154.43728684242905,0.0,True
United_States_of_America.regions.Oregon:Hood River,14.846877351392024,0.0,152.66452991999233,0.0,True
United_States_of_America.regions.Oregon:Lincoln,14.254326561324303,0.0,159.43413139490949,0.0,True
United_States_of_America.regions.Pennsylvania:Bedford,3.456358164033108,0.8690744920993227,135.28918923726675,1.8148064068228427,True
United_States_of_America.regions.Pennsylvania:Bradford,2.7547027840481566,1.2509405568096312,135.91079920943477,2.073737308836814,True
United_States_of_America.regions.Pennsylvania:Huntingdon,5.074492099322799,0.0,136.57072490574762,0.0,True
United_States_of_America.regions.Pennsylvania:Susquehanna,27.68359668924003,2.097441685477803,53.76989767613869,5.200956371448629,True
United_States_of_America.regions.Pennsylvania:Warren,17.26598946576373,0.2821670428893905,164.92074289523984,0.7199791862657001,True
United_States_of_America.regions.South Carolina:Abbeville,10.582392776523703,0.0,135.61354174702677,0.0,True
United_States_of_America.regions.South Carolina:Chester,3.2310007524454476,0.0,111.59023084634283,0.0,True
United_States_of_America.regions.South Carolina:Chesterfield,7.830323551542514,0.0,110.37135772501406,0.0,True
United_States_of_America.regions.South Carolina:Clarendon,53.57900677200902,3.6963882618510158,46.826176338491,10.953884314271793,True
United_States_of_America.regions.South Carolina:Edgefield,10.06884875846501,0.11851015801354402,137.28238955818208,0.43474012477455615,True
United_States_of_America.regions.South Carolina:Jasper,7.822799097065463,0.17494356659142213,130.54901957047554,0.5817296797506805,True
United_States_of_America.regions.South Carolina:Marlboro,4.259969902182092,0.0,113.7094796252416,0.0,True
United_States_of_America.regions.South Carolina:Newberry,5.37170805116629,0.6715575620767494,133.77627863246565,1.747027997077912,True
United_States_of_America.regions.South Carolina:Saluda,12.73438675696012,0.0,140.2031962160331,0.0,True
United_States_of_America.regions.South Carolina:Union,4.863807373965387,0.0,95.30744428718828,0.0,True
United_States_of_America.regions.South Dakota:Brookings,11.261474793077502,0.0,147.47129359269067,0.0,True
United_States_of_America.regions.South Dakota:Davison,15.899172310007524,1.0,155.23498985904064,5.056890012642225,True
United_States_of_America.regions.South Dakota:Yankton,5.878480060195636,0.0,85.10109632433975,0.0,True
United_States_of_America.regions.Tennessee:Cannon,10.679834462001503,0.0,113.6137787537081,0.0,True
United_States_of_America.regions.Tennessee:Carroll,8.544394281414597,0.11851015801354402,131.46775693449837,0.42680216808997734,True
United_States_of_America.regions.Tennessee:Crockett,8.344017094017094,0.29914529914529914,90.35023051244794,2.102215735385095,True
United_States_of_America.regions.Tennessee:Giles,13.353273137697517,0.0,150.3457679329179,0.0,True
United_States_of_America.regions.Tennessee:Hardin,15.413092550790068,0.0,156.2064106152868,0.0,True
United_States_of_America.regions.Tennessee:Henderson,12.380361173814897,0.0,146.43196118072382,0.0,True
United_States_of_America.regions.Tennessee:Henry,9.895786305492852,0.0,140.58276524401097,0.0,True
United_States_of_America.regions.Tennessee:Johnson,16.260722347629798,0.0,155.87001028875366,0.0,True
United_States_of_America.regions.Tennessee:Lake,68.66854778028592,0.0,1072.8720850370844,0.0,True
United_States_of_America.regions.Tennessee:Lauderdale,5.4066967644845745,0.0,109.50139921301052,0.0,True
United_States_of_America.regions.Tennessee:Lewis,16.37923250564334,0.0,151.49243261097624,0.0,True
United_States_of_America.regions.Tennessee:Lincoln,10.369826937547028,0.0,144.457266355957,0.0,True
United_States_of_America.regions.Tennessee:Marion,4.664409330323551,0.8897667419112114,92.23990569776655,3.0780321095624292,True
United_States_of_America.regions.Tennessee:McNairy,10.16854778028593,0.0,132.47524389140963,0.0,True
United_States_of_America.regions.Tennessee:Moore,15.45071482317532,0.0,125.31261450561738,0.0,True
United_States_of_America.regions.Tennessee:Obion,9.559066967644846,0.9744168547780285,138.25770697506073,3.2406027961622548,True
United_States_of_America.regions.Tennessee:Overton,12.886756960120392,0.0,143.0777339385652,0.0,True
United_States_of_America.regions.Tennessee:Sequatchie,14.829194883370954,0.0,144.1600363992345,0.0,True
United_States_of_America.regions.Tennessee:Weakley,9.557185854025583,0.0,140.97754992739482,0.0,True
United_States_of_America.regions.Texas:Anderson,4.09255079006772,0.0,142.80257338006314,0.0,True
United_States_of_America.regions.Texas:Austin,8.808502633559067,0.0,135.7847985954504,0.0,True
United_States_of_America.regions.Texas:Burnet,10.347253574115877,0.0,151.00869812570258,0.0,True
United_States_of_America.regions.Texas:Cherokee,10.73438675696012,0.6715575620767494,152.68588408111387,1.2756098508466918,True
United_States_of_America.regions.Texas:Cooke,10.881489841986456,0.0,149.58726972379407,0.0,True
United_States_of_America.regions.Texas:Hopkins,14.611738148984198,0.0,157.53180471112503,0.0,True
United_States_of_America.regions.Texas:Jim Wells,15.732505643340856,0.0,161.2227771029803,0.0,True
United_States_of_America.regions.Texas:Kerr,14.255831452219713,0.0,159.91821975856854,0.0,True
United_States_of_America.regions.Texas:Lamar,11.355530474040632,0.0,153.50487849070652,0.0,True
United_States_of_America.regions.Texas:Morris,15.332204665161775,0.0,143.197924779622,0.0,True
United_States_of_America.regions.Texas:Navarro,2.337471783295711,1.8623024830699773,131.52756900971224,3.71620633981198,True
United_States_of_America.regions.Texas:Polk,6.342738901429646,0.0,140.7701132958838,0.0,True
United_States_of_America.regions.Texas:Rains,16.408201655379983,0.0,152.04343773260103,0.0,True
United_States_of_America.regions.Texas:San Jacinto,10.409330323551544,0.0,140.1501041574174,0.0,True
United_States_of_America.regions.Texas:Starr,12.172686230248306,0.0,157.45981532175827,0.0,True
United_States_of_America.regions.Texas:Washington,44.09405568096313,4.968021068472535,30.777777799982662,13.845440801718231,True
United_States_of_America.regions.Vermont:Addison,26.927389014296462,0.6489841986455982,53.3634309223801,1.7646469223851817,True
United_States_of_America.regions.Vermont:Bennington,4.525206922498119,0.0,128.70448077792997,0.0,True
United_States_of_America.regions.Vermont:Caledonia,9.61361926260346,0.0,138.35232575174962,0.0,True
United_States_of_America.regions.Vermont:Lamoille,6.203536493604214,0.7957110609480812,93.93696906986092,3.1374144820916383,True
United_States_of_America.regions.Vermont:Orange,14.21482317531979,0.0,153.11867465342377,0.0,True
United_States_of_America.regions.Vermont:Windham,25.745297215951844,1.0045146726862302,63.98802373807622,2.379126220184336,True
United_States_of_America.regions.Virginia:Appomattox,4.327689992475545,0.0,75.47659463052241,0.0,True
United_States_of_America.regions.Virginia:Caroline,2.213318284424379,0.2821670428893905,103.83644528712736,0.918363036255136,True
United_States_of_America.regions.Virginia:Dinwiddie,4.0598194130925505,0.0,113.31968319283466,0.0,True
United_States_of_America.regions.Virginia:Giles,14.575244544770504,0.0,144.49078661080793,0.0,True
United_States_of_America.regions.Virginia:Lee,13.496990218209179,0.0,146.92784480472542,0.0,True
United_States_of_America.regions.Virginia:Mecklenburg,21.53423626787058,0.06019563581640331,40.33270875482495,0.19680137253213228,True
United_States_of_America.regions.Virginia:Northampton,10.979307750188111,0.0,104.6041377048656,0.0,True
United_States_of_America.regions.Virginia:Nottoway,12.862302483069978,0.0,131.56611940628693,0.0,True
United_States_of_America.regions.Virginia:Richmond,61.50601956358164,0.0,715.4254610795306,0.0,True
United_States_of_America.regions.Virginia:Russell,15.036869826937547,0.0,155.19669306475475,0.0,True
United_States_of_America.regions.Washington:Walla Walla,15.023702031602708,0.0,162.2332504544391,0.0,True
United_States_of_America.regions.West Virginia:Barbour,14.517682468021068,0.5173062452972159,141.71960222520363,3.1464402730808096,True
United_States_of_America.regions.West Virginia:Lincoln,15.307750188111362,0.0,152.72578955400817,0.0,True
United_States_of_America.regions.West Virginia:Mingo,16.22385252069225,0.9819413092550789,158.57005144512522,4.192030862598528,True
United_States_of_America.regions.West Virginia:Pleasants,16.944319036869828,0.0,148.59186742600875,0.0,True
United_States_of_America.regions.West Virginia:Preston,10.95823927765237,0.0,145.56667086916326,0.0,True
United_States_of_America.regions.Wisconsin:Barron,12.83446200150489,0.0,154.3331737043736,0.0,True
United_States_of_America.regions.Wisconsin:Door,10.334085778781038,0.8860045146726861,134.9100790868614,3.202271630304634,True
United_States_of_America.regions.Wisconsin:Dunn,11.622648607975922,0.0,152.86636898161174,0.0,True
United_States_of_America.regions.Wisconsin:Green Lake,13.554552294958615,0.0,142.26790681669473,0.0,True
United_States_of_America.regions.Wisconsin:Kewaunee,5.747930775018811,0.9255079006772009,103.6220054957317,4.529254676897333,True
United_States_of_America.regions.Wisconsin:Monroe,8.648607975921745,0.0,146.6153898627951,0.0,True
United_States_of_America.regions.Wisconsin:Polk,14.282543265613244,0.0,158.04026626630923,0.0,True
United_States_of_America.regions.Wisconsin:Shawano,9.26711813393529,0.0,144.6440133343443,0.0,True
United_States_of_America.regions.Maryland,1155.140331075997,17.041008276899923,148.33516288094975,0.2818708280441559,False
United_States_of_America.regions.New York:Westchester,5771.410082768999,25.43453724604966,439.5574285417212,2.628876435500106,False
Brazil.regions.AM:Amaturá,85.1451292246521,2.2763419483101397,732.9502188487859,19.73250648673838,False
Brazil.regions.AM:Itapiranga,38.38600628930817,1.5998427672955975,436.703276871786,17.488443018097914,False
Brazil.regions.AM:Rio Preto da Eva,186.1211778029445,4.238391845979615,479.40186705102377,12.709964452513315,False
Brazil.regions.TO:Lizarda,3.2485768500948766,1.0,16.620053164236964,26.737967914438503,False
United_States_of_America.regions.Colorado:Cheyenne,1.7549167927382752,0.0,224.37546775071263,0.0,False
United_States_of_America.regions.Montana:Toole,6.140707298720843,4.070729872084273,337.21549594865866,85.9529111504281,False
United_States_of_America.regions.North Dakota:Emmons,17.373212942061702,0.9879608728367194,138.61023009242186,30.483211133499513,False
United_States_of_America.regions.Texas:Hartley,8.065589818893784,1.3607440039158103,39.80714580418503,24.40358687080004,False
United_States_of_America.regions.Texas:Oldham,15.742287434161023,0.9744168547780285,66.45585529561548,46.13716168456575,False
United_States_of_America.regions.Utah:Summit,195.98194130925506,0.0,341.0302467157582,0.0,False
Switzerland,4428.236644093303,48.38976674191121,115.53478255388119,0.5681855506619435,False
Brazil.regions.RN:Encanto,9.98796087283672,1.2358916478555304,38.394042686409996,21.920745793819272,False
Sweden.regions.Sörmland,267.89014296463506,30.921745673438675,70.6152543586536,10.492796170087269,False
United_States_of_America.regions.Louisiana:St. Bernard,203.99209932279908,6.3487584650112865,304.22386227004506,13.43823229407181,False
United_States_of_America.regions.Louisiana:West Baton Rouge,35.262227238525206,6.677953348382242,36.570843373483875,25.233150759048716,False
United_States_of_America.regions.Ohio:Pickaway,594.3739653875094,2.4021820917983443,890.0163654374782,4.10931469592751,False
United_States_of_America.regions.Washington:Benton,173.3246802106847,20.113995485327315,73.96158091803024,9.84098805485949,False
United_States_of_America.regions.New Jersey,10768.861173814897,193.15086531226484,66.3249879749558,2.174586057180322,False
United_States_of_America.regions.Illinois:DuPage,628.7415349887133,24.586155003762226,97.63260869677877,2.6639501109804877,False
United_States_of_America.regions.Florida,2280.5496613995483,30.220090293453723,157.04219308358972,0.14070425712659448,False
United_States_of_America.regions.New York,28872.18284424379,566.9939804364184,64.00846381764299,2.9146025266860827,False
United_States_of_America.regions.Connecticut:Fairfield,1690.892024078254,48.27501881113619,56.4614047567403,5.11750039340722,False
United_States_of_America.regions.Rhode Island:Providence,2324.0857787810382,22.541384499623778,199.48301773732695,3.5279841641153387,False
United_States_of_America.regions.New Jersey:Middlesex,2171.21783295711,62.75018811136192,114.04714704828186,7.6055118416994025,False
United_States_of_America.regions.New Jersey:Passaic,1514.496990218209,20.820165537998495,173.82862549835943,4.148881392753363,False
Brazil.regions.MG:São Geraldo da Piedade,12.824395373291273,0.9929022082018928,102.09144468092863,25.060631201461195,False
Brazil.regions.PB:Condado,12.300109529025193,0.0,208.34403392565446,0.0,False
Brazil.regions.RS:Santa Tereza,1.5844402277039846,1.0,122.9785625190744,57.8368999421631,False
Brazil.regions.RS:Tio Hugo,15.60308502633559,0.9744168547780285,83.88488387324429,32.158972104885436,False
Brazil.regions.SC:Lindóia do Sul,14.121519939804363,0.0,544.3893399934149,0.0,False
Brazil.regions.SC:Pedras Grandes,15.541008276899925,1.0,101.01982656028352,25.15090543259557,False
Brazil.regions.SC:Presidente Castello Branco,4.780259365994237,0.0,319.41123821098506,0.0,False
United_States_of_America.regions.Georgia:Sumter,173.7057938299473,8.559066967644846,483.5462526676688,28.99020108266104,False
United_States_of_America.regions.Iowa:Marshall,131.18058690744923,0.0,225.95606071241897,0.0,False
United_States_of_America.regions.Louisiana:Assumption,68.82731376975168,0.554928517682468,231.81528489138552,2.5349619372457544,False
United_States_of_America.regions.Ohio:Mahoning,281.1568848758465,21.97893152746426,37.9006378740134,9.61109112940807,False
United_States_of_America.regions.Massachusetts:Bristol,648.4375470278405,16.97328818660647,49.77590817013711,3.0029684504546874,False
United_States_of_America.regions.Massachusetts:Hampden,890.4902182091797,55.94243792325056,43.680188136235316,11.995239406150148,False
United_States_of_America.regions.Massachusetts:Plymouth,1096.5808878856283,27.851768246802106,57.19264539884816,5.343756978446382,False
United_States_of_America.regions.Virginia:Emporia city,3.8416102332580886,1.2641083521444694,151.79002541690522,23.64587265515281,False
Brazil.regions.PE:Fernando de Noronha,4.8732129420617,0.0,552.4114602378583,0.0,False
Brazil.regions.CE,1148.6858540255832,51.346877351392024,154.96616572124023,0.5622693690460379,False
Tajikistan,884.2886327920377,24.421162912519645,53.32777772164222,0.26833974625102774,False
United_States_of_America.regions.Georgia,1670.1561324303987,53.96914973664409,151.8425591550247,0.5083074276747201,False
United_States_of_America.regions.Michigan,10017.569601203912,427.55455229495857,67.25443709681477,4.281172267660973,False
United_States_of_America.regions.Tennessee,1389.2091798344618,13.416102332580888,147.13515761354265,0.1964527823215646,False
Brazil.regions.AM:Tapauá,74.63552021206097,1.7760106030483767,398.5362339008391,10.352125221778834,False
Denmark,1082.359668924003,16.328066215199396,148.75984279860376,0.28164240279597946,False
United_States_of_America.regions.Idaho,824.7599699021821,13.10759969902182,120.56684344354969,0.7334707858428104,False
Puerto_Rico,991.4766741911211,54.377351392024075,136.14025951822856,1.7018700322652491,False
Sweden.regions.Stockholm,944.3404815650865,33.66629044394281,126.6767104772222,1.4361992131791157,False
United_States_of_America.regions.Washington:King,997.9635063957863,76.24680210684726,122.63173664262278,3.3845619374998224,False
United_States_of_America.regions.Ohio:Marion,338.16516177577125,0.2821670428893905,465.628929979369,0.43348292887006357,False
Luxembourg,868.2310007524453,8.457486832204665,45.568728216549474,1.3916566016712517,False
United_States_of_America.regions.Michigan:Genesee,719.1693002257337,54.34161023325809,19.032716890010505,13.390800746466498,False
United_States_of_America.regions.Massachusetts:Middlesex,923.4349134687735,12.368322046651617,109.31170206480326,0.7674089297475284,False
United_States_of_America.regions.Missouri,1132.0929270127915,20.854025583145223,149.00199567153118,0.3397844436324991,False
United_States_of_America.regions.Florida:Broward,849.3118886380737,13.017306245297215,123.31256981074507,0.6666045113831278,False
United_States_of_America.regions.Massachusetts:Essex,1003.9905944319037,21.845372460496613,46.36215553397314,2.768622449792609,False
United_States_of_America.regions.New York:Suffolk,6712.751316779533,91.10233258088788,298.6388373686353,6.169732553403924,False
Brazil.regions.AM:Silves,32.44532803180915,1.7594433399602387,373.51229905657937,19.18485813935491,False
Brazil.regions.AP:Cutias,22.072106261859584,0.25616698292220114,400.73239269695154,4.281580861143259,False
Brazil.regions.GO:Aparecida do Rio Doce,1.0,1.0,22.16053437997482,40.42037186742118,False
Brazil.regions.GO:Colinas do Sul,1.0,1.0,11.308465291974102,29.568302779420463,False
Brazil.regions.MG:Presidente Juscelino,10.121935056328695,0.974155069582505,75.9037042607876,26.755151595234963,False
Brazil.regions.MT:Ponte Branca,1.6727272727272726,0.9454545454545454,39.04999382561332,59.99077065066913,False
Brazil.regions.MT:Vale de São Domingos,0.6727272727272727,1.0,39.55728337350065,31.979533098816763,False
Brazil.regions.PA:Bannach,2.184389732844421,0.9795704557359873,141.0571684711657,29.810421659646597,False
Brazil.regions.PA:Vitória do Xingu,16.762481089258696,3.177004538577912,102.79290848665148,20.9924972814716,False
Brazil.regions.PI:Júlio Borges,2.7761873780091086,1.5660377358490565,10.80577792709693,27.830775472704048,False
United_States_of_America.regions.Florida:Liberty,53.98908954100827,0.0,668.658220471388,0.0,False
United_States_of_America.regions.Georgia:Baker,5.224981188863807,1.7957110609480813,281.81420760254764,59.1083298534589,False
United_States_of_America.regions.Georgia:Webster,12.01203912716328,0.6151241534988713,79.43253266147359,23.595096029876146,False
United_States_of_America.regions.Kansas:Clark,3.516819571865444,0.0,571.7776873358006,0.0,False
United_States_of_America.regions.Kansas:Coffey,22.685477802859292,4.439428141459744,334.18085412225554,54.27837316859939,False
United_States_of_America.regions.Kansas:Kearny,1.7975921745673438,0.0,348.18399849529027,0.0,False
United_States_of_America.regions.Kansas:Meade,6.20543406229291,0.0,327.3086154252714,0.0,False
United_States_of_America.regions.Louisiana:Bienville,15.497742663656885,4.161023325808879,90.81905794404109,31.425295112218702,False
United_States_of_America.regions.Minnesota:Wilkin,11.141083521444695,1.5763732129420616,57.13292853972502,25.396700707943637,False
United_States_of_America.regions.Mississippi:Wilkinson,17.591422121896162,2.759593679458239,248.816224903579,31.97675178978261,False
United_States_of_America.regions.North Dakota:Slope,15.484574868322047,0.0,226.43514731560123,0.0,False
United_States_of_America.regions.Oklahoma:Greer,37.87923250564334,5.206170052671181,817.0657788007009,91.14443369522377,False
United_States_of_America.regions.South Dakota:Jerauld,13.0522949586155,0.7674943566591422,104.46886120765802,38.12689302827333,False
United_States_of_America.regions.Texas:Cottle,5.207579672695952,0.6589147286821705,169.64884033030197,47.13267014893923,False
United_States_of_America.regions.Texas:Donley,7.587283671933784,0.0,520.897733392713,0.0,False
United_States_of_America.regions.Texas:Sherman,4.942061700526711,0.0,453.0091036731014,0.0,False
United_States_of_America.regions.New Jersey:Monmouth,1321.6636568848758,32.80285929270128,73.39687472334391,5.30108667534503,False
United_States_of_America.regions.Connecticut:Hartford,956.0586907449209,49.065086531226484,58.471744774851395,5.502297417488279,False
United_States_of_America.regions.Connecticut:New Haven,1416.4744168547782,52.57900677200903,46.40645557009068,6.151339710819452,False
United_States_of_America.regions.Virginia:Henrico,241.2659894657637,24.493980436418358,89.26194022829924,7.404065206977359,False
Brazil.regions.PB:Riachão do Poço,17.373212942061702,1.0,146.03387502055057,22.17786648924373,False
United_States_of_America.regions.New Jersey:Sussex,362.15011286681715,26.346877351392024,104.08938654590978,18.75382762327887,False
Brazil.regions.PE:Paulista,262.79157261098567,16.51805869074492,83.00006434419718,4.978708003262739,False
Brazil.regions.AM,472.5338600451467,21.313017306245296,155.901434434461,0.5142361804113958,False
United_States_of_America.regions.Wisconsin:Milwaukee,971.5590669676448,38.355906696764485,63.0716190707298,4.055710289953377,False
United_States_of_America.regions.Indiana:Marion,690.5240782543265,14.37170805116629,94.26596309810803,1.4899415551157174,False
United_States_of_America.regions.Michigan:Wayne,4771.921745673439,199.77990970654628,118.99138395078587,11.420282340658535,False
United_States_of_America.regions.Illinois:Will,746.8258088788562,34.988713318284425,56.96856342841496,5.065373564159813,False
United_States_of_America.regions.Louisiana:St. Charles,187.32355154251314,11.924379232505643,233.2243570741343,22.456458064982378,False
United_States_of_America.regions.Louisiana:St. John the Baptist,284.0079006772009,22.2836719337848,540.0261577702772,52.01968376353339,False
Brazil.regions.MA:São Luís,413.61399548532734,20.840857787810382,128.54261589023983,1.8913840102778865,False
United_States_of_America.regions.Ohio,2385.0240782543265,72.28179082016554,147.1849289012972,0.6183691714517416,False
United_States_of_America.regions.Pennsylvania,4160.735891647856,53.13769751693002,135.10172394786258,0.4150737632795186,False
Ireland,1185.05568096313,16.068472535741158,142.95164249203873,0.3310693864546816,False
Panama,1232.218961625282,29.9556057185854,137.80535802892558,0.7171777958914576,False
United_States_of_America.regions.South Carolina,844.2942061700526,17.755831452219713,150.99093367827987,0.34485954069734137,False
United_States_of_America.regions.Arkansas,638.2580887885628,11.006395786305493,145.98776002139712,0.36471539524453844,False
United_States_of_America.regions.Mississippi,1203.7889390519185,34.15537998495109,126.6815296708547,1.1476367609602571,False
United_States_of_America.regions.Florida:Miami-Dade,2986.6128668171555,27.629796839729117,57.14452784415304,1.0169454179970523,False
Brazil.regions.AM:Urucará,48.297910662824215,1.8768011527377524,266.76472204790406,11.545282681703691,False
Brazil.regions.MA:Igarapé Grande,46.0,0.0,405.7684310637904,0.0,False
Brazil.regions.PE:Quixaba,11.010515247108309,1.5299684542586751,84.91397534893987,22.45660434843204,False
Brazil.regions.RS:Boa Vista do Sul,1.9219486642221058,0.8852802514405449,184.75522627480854,31.810285714715945,False
United_States_of_America.regions.Georgia:Crisp,67.92287434161024,1.0270880361173815,218.1137017278346,4.590953138375566,False
United_States_of_America.regions.Georgia:Lee,91.32731376975168,7.64484574868322,201.63040431829415,25.489616393315618,False
United_States_of_America.regions.Georgia:Upson,113.790820165538,7.554552294958615,334.5253914857513,28.702706287836687,False
United_States_of_America.regions.Indiana:Daviess,22.190368698269374,9.659518434913469,58.32703801501059,28.963204806193122,False
United_States_of_America.regions.Indiana:Decatur,115.66591422121896,12.537622272385251,336.93844886513335,47.20668049393897,False
United_States_of_America.regions.Kentucky:Hopkins,91.36832204665161,11.249811888638073,78.37466448215238,25.17524926965509,False
United_States_of_America.regions.Nebraska:Dakota,875.8690744920992,3.0079006772009027,4298.008610305397,15.01997741536454,False
United_States_of_America.regions.Georgia:Dougherty,723.2118133935289,44.76486079759217,675.9540248605864,50.894607300914295,False
United_States_of_America.regions.New York:Dutchess,815.1012039127163,10.60759969902182,122.77353504402365,3.605353750967589,False
United_States_of_America.regions.Pennsylvania:Luzerne,774.9936042136944,9.919112114371707,101.15125289818694,3.12494671500635,False
Norway,1655.7531978931524,6.249059443190369,136.24408714840985,0.11758871556466073,False
Chile,1399.546275395034,5.7468021068472535,160.17535370401998,0.030683715163132,False
United_States_of_America.regions.New York:Erie,956.9883370955605,39.58427389014296,61.57859315524093,4.308717504712406,False
United_States_of_America.regions.Oklahoma,466.27840481565084,17.92513167795335,155.4991885553397,0.45300134062022057,False
United_States_of_America.regions.Pennsylvania:Philadelphia,2017.181339352897,26.97328818660647,51.98579940296508,1.7027903030815974,False
United_States_of_America.regions.New Jersey:Essex,3274.676448457487,155.32543265613242,251.5961602368006,19.440587334538932,False
United_States_of_America.regions.New Jersey:Morris,1406.1230248306997,57.53950338600451,129.28369352419975,11.698706581545917,False
United_States_of_America.regions.New Jersey:Somerset,1048.9292701279157,47.71256583897667,158.181001274903,14.505209506763261,False
United_States_of_America.regions.Pennsylvania:Lehigh,935.1647855530473,10.103461249059443,104.36189866178162,2.73570777732454,False
Brazil.regions.AM:Coari,238.31163629080714,22.507510514720614,143.5602121836581,26.449240883604134,False
Brazil.regions.AM:Japurá,7.785714285714286,0.0,336.93850319183804,0.0,False
United_States_of_America.regions.Nevada,727.7859292701279,17.078630549285176,143.5212220127236,0.554472908167157,False
Brazil.regions.PA:São Caetano de Odivelas,10.053627760252366,4.568874868559411,20.553417128765837,25.312326141603386,False
Brazil.regions.RS:Colinas,3.2319182389937104,0.0,234.15910944980422,0.0,False
Brazil.regions.RS:Imigrante,4.774583963691376,0.0,226.96247008405697,0.0,False
United_States_of_America.regions.Nebraska:Hall,371.02031602708803,8.448833709556055,467.8216384559639,13.770856697400383,False
United_States_of_America.regions.Colorado:Weld,377.8867569601204,22.264860797592174,45.63262848253536,6.861451375563088,False
Austria,2542.911211437171,14.309631301730624,138.79518150022787,0.1617449017307221,False
United_States_of_America.regions.Pennsylvania:Berks,695.1373212942061,13.713318284424378,47.14051001359822,3.256051866832013,False
Brazil.regions.GO:Palminópolis,2.2254160363086233,0.7715582450832073,10.004380706990604,21.521847840535763,False
Brazil.regions.GO:Professor Jamil,12.978931527464258,1.27163280662152,68.45542145576837,39.454942805507905,False
Brazil.regions.MG:Belmiro Braga,16.00752445447705,0.9939804364183595,100.16497179997111,28.987472628123644,False
Brazil.regions.MG:Ipiaçu,11.02446483180428,0.9633027522935781,87.08787452701408,22.82167145921767,False
Brazil.regions.MG:Morro da Garça,11.900339750849378,1.0,82.49034827769053,40.61738424045491,False
Brazil.regions.MS:Guia Lopes da Laguna,45.58926615553122,0.0,464.4768676717949,0.0,False
Brazil.regions.PI:Socorro do Piauí,1.0,1.0,3.626789783291219,21.88662727073758,False
Brazil.regions.PR:Mirador,0.7101280558789289,0.9080325960419093,206.3168362768391,41.03174857848663,False
Brazil.regions.RS:Mato Castelhano,5.913567312729178,0.5866946045049763,32.57427821627752,23.09821277578647,False
Brazil.regions.SP:Uru,1.602409638554217,0.7667031763417306,209.30499555463834,65.81143144564211,False
Brazil.regions.TO:Oliveira de Fátima,1.0,0.0,233.53872366363277,0.0,False
United_States_of_America.regions.Georgia:Calhoun,36.74830699774267,2.057938299473288,722.7217776216523,33.25154789906751,False
United_States_of_America.regions.Georgia:Clay,6.394657637321294,1.7381489841986455,470.8104892658598,61.332003676734146,False
United_States_of_America.regions.Georgia:Early,80.94996237772762,4.68510158013544,806.9662797767674,45.9774443585421,False
United_States_of_America.regions.Georgia:Hancock,27.623401053423628,1.1512415349887133,375.86638186290395,13.612883232691418,False
United_States_of_America.regions.Georgia:Marion,13.346877351392024,0.7957110609480812,211.65814824144076,9.519213553631788,False
United_States_of_America.regions.Georgia:Quitman,14.58352144469526,0.8465011286681715,53.724190634697656,36.820405770690364,False
United_States_of_America.regions.Georgia:Randolph,67.32618510158014,5.690368698269375,1090.6956875730343,83.95350690866591,False
United_States_of_America.regions.Georgia:Taylor,9.293829947328819,1.6854778028592927,55.77419844374871,21.0159327039812,False
United_States_of_America.regions.Georgia:Terrell,77.58653122648607,8.814898419864559,957.0898830487217,103.32784456528614,False
United_States_of_America.regions.Georgia:Turner,12.555680963130174,0.7787810383747178,215.42710191559948,9.753049948337104,False
United_States_of_America.regions.Georgia:Wilcox,33.70316027088036,4.418735891647855,433.5050630425918,51.172390175423914,False
United_States_of_America.regions.Illinois:Jasper,14.749059443190369,2.834838224228743,175.28661613840688,29.498836880632084,False
United_States_of_America.regions.Iowa:Louisa,203.0346124905944,1.5895410082769,1838.6716931952992,14.404540174688718,False
United_States_of_America.regions.Iowa:Tama,81.45184349134688,3.021068472535741,424.5580982425515,17.92493457064045,False
United_States_of_America.regions.Louisiana:Red River,3.60158013544018,3.068096313017306,33.992989030195524,36.34323990780983,False
United_States_of_America.regions.Nebraska:Colfax,26.775018811136192,0.0,249.8336560641758,0.0,False
United_States_of_America.regions.Nebraska:Hamilton,13.742663656884876,4.034988713318285,176.69717974467653,43.27529722563582,False
United_States_of_America.regions.Nebraska:Saline,226.8803611738149,0.11851015801354402,1556.578830701264,0.8331704022324524,False
United_States_of_America.regions.Texas:Moore,126.96689240030098,1.4503386004514671,526.7637017778505,6.926163325938239,False
United_States_of_America.regions.Alabama,1731.2151993980435,43.589164785553045,132.06324900596235,0.8889969435286051,False
United_States_of_America.regions.New York:Orange,2410.656884875846,40.4928517682468,465.63580026119934,10.519263201602016,False
Brazil.regions.PA:Breves,179.1747373229785,26.55984467793513,50.73088828158187,25.861330150568275,False
Brazil.regions.AM:Manaus,416.37509405568096,17.411587659894657,147.828602189107,0.7976856699465154,False
Brazil.regions.BA:Gongogi,14.59104589917231,1.8717080511662905,115.49716113763523,26.258530459684216,False
Brazil.regions.CE:General Sampaio,1.3981141959140913,1.650078575170246,19.262257196043247,21.660259584802393,False
Brazil.regions.RS:Monte Belo do Sul,5.913567312729178,1.0,32.625496780713625,39.246467817896395,False
Brazil.regions.SC:Antônio Carlos,10.012415349887133,2.5677200902934536,79.10323847403386,30.16234101131744,False
United_States_of_America.regions.Indiana:Cass,392.9033107599699,1.4221218961625282,925.5422849404612,3.7733075861989653,False
United_States_of_America.regions.Louisiana:St. James,143.39089541008278,8.571482317531979,599.5031732973397,40.63084147483873,False
United_States_of_America.regions.Massachusetts:Franklin,94.89202407825432,16.523702031602706,22.693239131265962,23.544744986609732,False
Brazil.regions.AM:Autazes,132.73127753303964,13.886441507586882,238.36309991318822,35.09779225979245,False
Brazil.regions.AP:Serra do Navio,9.666140904311252,0.0,309.0361311483434,0.0,False
United_States_of_America.regions.Colorado:Gunnison,51.99924755455229,0.9405568096313017,235.3524390608434,5.386306320188418,False
United_States_of_America.regions.Idaho:Blaine,292.2949586155004,2.932656132430399,1182.1121172175208,12.739047532385207,False
United_States_of_America.regions.Nebraska:Custer,5.467268623024831,2.472911963882618,53.466777158449865,22.94619990612061,False
San_Marino,117.26410835214446,13.500752445447704,234.17176713117044,39.9607886501338,False
United_States_of_America.regions.Louisiana:Jefferson,1730.104589917231,61.869826937547025,247.30096940364777,14.305393830084421,False
United_States_of_America.regions.Michigan:Macomb,1679.2923250564334,94.54477050413844,43.93518211009343,10.817826029225014,False
United_States_of_America.regions.North Carolina,713.1012039127163,4.392400300978179,160.7719476931731,0.04187991153558819,False
United_States_of_America.regions.Pennsylvania:Lancaster,584.7768999247555,34.25507900677201,57.223018853546726,6.27699698139939,False
United_States_of_America.regions.Indiana:Lake,467.10985703536494,16.975169300225733,67.74798657039521,3.4964807526011152,False
United_States_of_America.regions.Louisiana:East Baton Rouge,789.8856282919488,32.496237772761475,25.72776765253864,7.38451838793468,False
United_States_of_America.regions.New Jersey:Ocean,1828.614371708051,61.040255831452214,143.59505514317073,10.05297484320327,False
Brazil.regions.SP:Santos,297.3453724604966,20.22949586155004,94.88682934282767,4.668585810549476,False
United_States_of_America.regions.New Jersey:Bergen,1768.7121896162528,42.75395033860045,84.18792895814765,4.586339692319953,False
United_States_of_America.regions.Florida:Palm Beach,763.6798344620015,36.557562076749434,115.49656106326678,2.442430171419085,False
United_States_of_America.regions.New York:Nassau,5574.219337848006,76.91873589164786,260.6719724483233,5.6686104668830275,False
South_Africa,847.1696764484575,2.8724604966139955,166.24797570908683,0.004971407560634431,False
United_States_of_America.regions.New Jersey:Hudson,2145.420617005267,42.8066215199398,183.5785701013774,6.366328746211624,False
China,2061.773890142965,48.653122648607976,167.5965836939044,0.0034933635843708384,False
Brazil.regions.CE:Fortaleza,1005.4676448457486,38.643717080511664,129.39038926260696,1.4476869985379042,False
Iran,10076.141459744167,577.1775771256583,155.40549931884877,0.7055937397047659,False
Saudi_Arabia,763.5808878856283,4.243792325056433,165.42570616822724,0.012592875368784506,False
United_States_of_America.regions.Connecticut,3115.147103085026,94.16854778028592,79.85657139301559,2.641261356527144,False
United_States_of_America.regions.California:San Bernardino,480.9394281414597,16.433408577878104,144.84313688395054,0.7537966903986818,False
United_States_of_America.regions.New Jersey:Union,1869.2938299473287,40.65838976674191,196.34292503414392,7.308177856160503,False
Brazil.regions.SP,365.7027840481565,16.617757712565837,166.90966566733078,0.03618924623758179,False
United_States_of_America.regions.New York:Rockland,2173.5778781038375,21.636568848758465,520.1787064595011,6.641282808430753,False
United_States_of_America.regions.Louisiana,7390.201655379985,274.4789315274642,51.03296353251955,5.904304030840348,False
Brazil.regions.RJ,509.6316779533484,18.83747178329571,164.68776227670628,0.10910821879513712,False
Brazil.regions.PE,257.12001504890895,25.39691497366441,164.8633297191978,0.26573952389455313,False
United_States_of_America.regions.Virginia,1171.2110609480812,25.675319789315274,153.80921124986264,0.30080560759474934,False
Brazil.regions.MA,501.6407072987208,24.02746425884123,160.39627933909895,0.3396021141910183,False
Brazil,980.7121896162528,20.697893152746424,167.26901979210115,0.00988110901787539,False
Peru,904.8032355154252,29.189240030097817,164.8601211511727,0.0912470112780923,False
Colombia,678.8668171557562,12.934537246049661,166.34166654152534,0.026052124534717606,False
United_States_of_America.regions.Michigan:Oakland,2012.252821670429,106.70805116629045,31.70683933088986,8.48516291287822,False
Indonesia,656.2358916478555,57.39653875094056,167.49390488980617,0.02144354859338204,False
Poland,1240.8344620015048,19.635063957863053,164.43046018384536,0.05170040718213622,False
Ecuador,849.9849510910459,23.31640331075997,162.6632440805101,0.13647808524933056,False
United_States_of_America.regions.New Jersey:Mercer,734.2799097065463,21.817155756207676,60.4351767325991,5.9377720262928095,False
Serbia,741.5342362678705,17.23476297968397,156.86299734866273,0.24684267590713566,False
United_States_of_America.regions.Indiana,1673.4657637321293,45.83521444695259,142.61581847331928,0.6808336812416915,False
United_States_of_America.regions.Colorado,1957.0906696764484,46.53122648607976,133.44216548701098,0.8080111067095237,False
Brazil.regions.RJ:Duque de Caxias,99.68811136192625,21.267870579382993,154.9088600281412,2.3127406577870055,False
Turkey,20534.326937547026,422.7200902934537,142.7790352211473,0.5135100918140272,False
United_States_of_America.regions.Louisiana:Orleans,2616.0466516177576,110.5079006772009,508.32483711540857,28.32490072311785,False
United_States_of_America.regions.Virginia:Colonial Heights city,32.035364936042136,4.27765237020316,122.45888248599307,24.62666879794565,False
Netherlands,3890.9221218961625,210.15237020316027,145.05846261475455,1.219616753922071,False
United_States_of_America.regions.Texas:Dallas,706.3626787057939,12.490594431903686,140.24711777930432,0.47393354591297054,False
